"time","1","2","3","4","5","6","7","8","9","10","11","12","13","14","15","16","17","18","19","20","21","22","23","24","25","26","27","28","29","30","31","32","33","34","35","36","37","38","39","40","41","42","43","44","45","46","47","48","49","50","51","52","53","54","55","56","57"
1,5.36695259367036,0.995,4.375,0.967,0.441,2.075,4.87,25.95,4.55775,0.614,0.877,16.0140166313152,2.938,1.371,2.3215,0.43,0.502,0.466482719102609,0.066,0.096,0.096,0.192,0.318,0.575,0.258,0.574,0.438825650431941,0.747,2.736,0.132,0.116,0.164,0.076,0.164,0.284,0.296,0.332,0.612,0.036,0.012,0.484559190865298,0.206,0.219057195667763,0.286380512880787,0.434,0.475,0.726303855293658,0.086,0.301,0.47,0.772,0.34,0.260075217915894,0.09,0.22,0.25,0.134
2,5.08248411308492,0.929646149756815,3.9549644262855,1.10786501598369,0.511590656614035,2.43416126176327,5.67807845560988,27.592977733702,11.5099499708556,1.8145439279025,1.45048203379105,14.5361716039003,3.06234154217318,1.16353524891652,2.0962659296349,0.432988356716721,0.569947352478483,0.484983168324676,0.0829795457038168,0.0847909459293727,0.0941536171914442,0.470543138249082,0.498992542578045,0.242167023604181,0.252824935052415,0.570835402856432,0.457098053656487,0.803693643193461,1.69507630362725,0.14510488854114,0.148586527421805,0.193729115013167,0.0843286775878404,0.182020504158368,0.260261693505186,0.296491644183664,0.36650367172153,0.926673117818836,0.0663741021764364,0.0367572006189856,0.298281032944197,0.222060478470922,0.351874099593243,0.282718721299111,0.516978096471265,0.510828272598193,0.857047053424697,0.433237032581708,0.404219244810367,0.232664405563595,0.57016791148813,0.196699861329162,0.21574864658405,0.270784815411342,0.556110405006208,0.352938902955431,0.105206120377749
3,4.68638224887162,1.42421398275068,2.5420234010838,1.20161210510971,0.80895052806222,5.82523774565218,5.70590762241923,29.0010154172745,4.93324936358019,1.03067119985023,1.41245274012864,16.845607512459,4.44654609001799,1.48345402210076,2.19543638610652,0.391704090237214,0.658734226328043,0.720384122057265,0.109854004968027,0.139063958402579,0.142179952718529,0.33778748135132,0.23454021140188,0.442221062647961,0.224765605968691,0.542737359901843,0.349451228002241,0.643951734646371,1.76167346900558,0.144720014868878,0.140433719033274,0.192170072121571,0.0892859928955766,0.166230416259499,0.283759242421506,0.342363857747826,0.418366109115467,0.962233322033164,0.0255962097496653,0.00671063224826409,0.550014106402011,0.196850675576271,0.232994144214312,0.311838168442634,0.546066733119916,0.673105924372334,0.398822387306033,0.268496582826319,0.501430557068872,0.360415234513736,0.586150373554807,0.304324977385815,0.271108317530697,0.256898133811578,0.273886764075401,0.358199480653566,0.169357553257507
4,4.66935747755272,0.44438272482131,3.37647203767186,1.35877647551386,1.78567154553249,5.53178075790271,5.44855104062429,30.6090229085065,12.417797542264,1.07375275989568,1.62371612159778,12.5935542274608,4.01924033634115,1.42016279329634,2.47004386824566,0.586624271781269,0.690933273387989,0.312292168497643,0.0689099017523808,0.070541127226058,0.0748664549784674,0.357101065552047,0.376594922934912,0.193386966615969,0.200286182471601,0.338726895607403,0.58528357704501,0.923666783277311,1.87783061042896,0.129999601448932,0.117838023895983,0.158435593322162,0.0957383332536749,0.147003772628879,0.228883915790312,0.260657067048489,0.367354846423085,0.982054526605223,0.0570240345421463,0.0302390755019087,0.275328424243069,0.124354955444271,0.347916589318658,0.358216164531251,0.539019957365336,0.614884349044391,1.0748058592661,0.472649093813702,0.636381102717284,0.326465591800301,0.558735133578954,0.306254449021459,0.258043621464884,0.306218545439539,0.449024501523129,0.207358388426467,0.194074659227831
5,4.77190024773112,1.34551659507125,4.28145359684665,1.58401817749506,0.641433279406036,2.33919331511711,6.31724772213704,36.411286928655,5.52625274275276,1.08747005979231,1.35096371156257,20.1002739196804,4.74825717906952,1.36541578459655,2.10720622831376,0.480066920402986,0.697743629869313,0.475658631701884,0.066546693525443,0.0783632967990116,0.0538324331918906,0.395230038353,0.173219815007708,0.338149834520421,0.163114527040854,0.573984844128979,0.524424838156483,0.428138039539295,1.17085969755499,0.113466603131151,0.129336937762567,0.206884432688659,0.111684667471868,0.0771739948883345,0.334375580237048,0.358544633042087,0.443955451907335,1.01350321028866,0.0508049796441906,0.013892966868627,0.626839417739318,0.170155587387462,0.453330238131499,0.728143903202671,0.439939004542067,0.530801771498073,0.860702878370643,0.383975176748078,0.497881462664659,0.311055816353667,0.438944380496728,0.559216726912452,0.421092922469669,0.100114117168527,0.164465326449055,0.304714857576186,0.171557146659672
6,4.90510078093604,1.26681151477931,3.98213907238566,1.33698710775717,0.381949398581607,1.67576561180712,2.51048389841678,31.8282634273655,5.35184465074972,0.927702723831335,3.49855586740722,18.9793152647012,4.54287368292718,1.70358996986551,2.31757448818701,0.433867060581129,0.896477555312219,0.225688247416701,0.0461369025303811,0.0604503570583695,0.0479526066764438,0.266129704601849,0.356748977207403,0.377707921153507,0.18168624402606,0.587350686334466,0.588490187770909,0.582499118873199,1.70393469167313,0.128622521880953,0.144541866522317,0.207554933581256,0.118491030042912,0.130978384770101,0.261121527748927,0.324920796157951,0.507118186581519,0.939579157289405,0.0610752593637446,0.0141594417573086,0.712247742644038,0.185133995196904,0.51528268405005,0.29910539556015,0.531995356868018,0.673999025095698,1.07614280034361,0.40759339829823,0.467925401312918,0.272997921337954,0.380028324286844,0.355605962904174,0.504980149157367,0.108206148050719,0.184961930399571,0.332243467477723,0.086862716941865
7,4.56370836548281,0.834169853295352,3.68586609138221,1.79071097919319,0.457762604963639,2.02791566591607,2.70595977782862,32.4715547748118,11.7729449387638,0.993253771868572,1.68792027391075,15.5715720567882,4.07684419047232,1.24486251177343,2.73918931473849,0.477066401402728,0.997171506137302,0.239593571634241,0.0487441539842787,0.088316906518485,0.112877465158936,0.272233649247086,0.235026718402027,0.676724641287968,0.208714927597208,0.891500218799089,0.908799125151484,1.16463453217061,1.49287767261874,0.149882192958702,0.180093077896342,0.18258879445318,0.112483098902281,0.114072899836279,0.248094946766912,0.366811167667096,0.64317446630249,0.966137706314051,0.048368760845997,0.0115702385724611,0.436814570729608,0.157270296105769,0.307024203528405,0.371771597688574,0.614052512790254,0.731924555608072,0.82883066727271,0.128875679888574,0.488646781627632,0.347182132954844,0.525709920060106,0.520507766820319,0.527253922917881,0.130543270866435,0.31582250056397,0.285269546962786,0.137582499212413
8,3.86652809326671,0.668159258895146,1.82298870017997,0.637624921118335,1.04207645038198,3.7136490685061,2.89295839261179,35.0154032871364,5.45491300405679,1.15011413806592,3.34512648502237,23.7666376327017,6.21787364441606,2.02123632894163,1.02972840816991,0.693695067220036,0.469370507251584,0.241672804651174,0.0369660812133382,0.077840646695326,0.106935385653293,0.202591663837234,0.345123116760181,0.445790165686538,0.213471161682856,0.682766498300314,0.657188552300573,0.396641481450371,1.04697302718575,0.141009514459301,0.147728836780597,0.193163743320626,0.0926469297127204,0.117973010008933,0.256484265845129,0.359966055599401,0.592199639902034,1.24998817042164,0.0500807874173531,0.0134468147340394,0.703007291846291,0.199961683691115,0.27004344316134,0.3719164743122,0.443568244253282,0.783645943197542,0.816207712302888,0.127271313778088,0.739903667548315,0.359539157473031,1.32396397806088,0.264828295783263,0.571628236139,0.180871446895401,0.430005634188946,0.225321127521184,0.136309819746313
9,3.66781809993272,0.703932376036429,2.17764045734055,1.22311625933609,0.857089191682969,3.99062718513222,5.60277554142409,32.1000133116383,13.4617799410841,1.95268686890415,1.62300325368318,19.7521989195421,1.98732032777228,1.51508573448074,1.01396461017321,0.45757331611951,0.334885411171113,0.481347258184576,0.0565557558739209,0.0570585784999379,0.0928834534376318,0.296679785421439,0.404333417191589,0.504450765276903,0.182077278570856,0.777732355026984,0.464220838100957,0.839865795118121,1.47209805465059,0.116953508218076,0.121215223975338,0.141275260382225,0.0667607095171472,0.085079244682213,0.205393963962205,0.349379085947953,0.586074273482679,1.55407675135001,0.0559774364774122,0.0231600185000101,0.612992287824846,0.167620760316032,0.560428367379735,0.696227779055934,0.477072950636971,1.34109401267196,0.628791063710813,0.108559521349776,1.33189648485068,0.875493013119056,1.0329541674011,0.236020004700199,0.55622916362012,0.189728587362051,0.363866476566191,0.264922686898635,0.131803394684714
10,5.40061145289906,1.04708433102371,3.70032856625014,1.1216491697395,0.38600781567017,1.88940871269261,3.52130134025995,39.3574284235202,13.6841933615853,2.00007727993862,3.04591756370592,21.6904248461026,5.61653810553308,2.70747097186603,2.33753399035781,0.430847544226781,1.05597593377396,0.331475790778572,0.0531060256159723,0.0717323032875615,0.0679152089295848,0.33170970153037,0.451236195695865,0.509676306186744,0.186232929594536,0.678557600152144,0.768503453536326,0.488557100112069,1.06789841065518,0.149022271380385,0.13933053831212,0.131693518049526,0.0577885383402241,0.0907396318017397,0.193546370687737,0.389544217209344,0.624824021312436,1.61992761096119,0.0407521656843488,0.0064403384911103,0.314555001394118,0.159233542081882,0.411902851279103,0.367946437120022,0.587820468184804,0.890193698233374,0.787703852653463,0.399373356556209,0.711143820995548,0.482202904775677,1.33859351660439,0.28940640644201,0.723419969267532,0.312858379264483,0.41582595237676,0.263083379895587,0.132079729146995
11,5.50799786749803,1.411019571259,2.38294269842894,0.611398387349296,0.393635964861252,2.15502316755036,6.62465228820834,35.9180694256302,5.74090482285011,2.09369757398362,1.41812700936876,25.913963261667,2.98843862179616,0.917954751755394,1.27495309302356,0.554094602242051,0.398959768743266,0.388552098801482,0.0547718513567335,0.0762142883268286,0.109916192384335,0.177771640758188,0.401032491186715,0.557513204979845,0.229935763690762,0.723821064282229,0.524584930971922,0.639064229538827,2.60926518900404,0.177307157570737,0.154307799383932,0.167136986248288,0.068217718764533,0.104066926332281,0.217795122938811,0.329191245534079,0.505989946820918,1.64071711080087,0.0660626095570125,0.0127107988150887,0.556728235759412,0.166505246540258,0.46600640834407,0.493755940666646,0.235954358462194,0.911314227307957,0.643685692705886,0.330362439331823,1.46591527681482,1.08790677219107,1.02517598905576,0.318009785872767,0.527791294925457,0.145185996953512,0.264307478968927,0.218436089839324,0.145260899138973
12,4.96819975530196,0.899972629454916,3.93130069746794,1.83584759566114,1.06109163060022,4.521907346142,2.67282150181598,42.0757192388405,4.51971148533004,1.57754545341078,2.18146023925188,18.3809020949203,4.88110996760899,2.37576947704325,2.82442030878178,0.436838126789605,0.453211036276048,0.219017603299339,0.059026632787967,0.0722288886195072,0.053247576644805,0.582924388989284,0.257075428378302,0.524735769301236,0.174797902511074,0.780803867762187,0.785439427959338,0.717648754853401,1.85371092780994,0.128249537224016,0.119999886884132,0.175457086678591,0.0787903429828648,0.0608025753674448,0.296482181918075,0.344857933753329,0.436919035127735,1.58216489570845,0.0319594736442318,0.0148338447894113,0.498621269673062,0.179030822920591,0.37499252983463,0.394974078824232,0.951967065587709,1.60209790444078,0.938708564234506,0.520182554722379,0.562887923308921,0.412822921390029,0.853843523886333,0.480649518104026,0.625748687381492,0.128115519876797,0.259408797065127,0.215281913163078,0.162122555057837
13,4.90391035408866,1.22331558910166,2.49378798064509,0.600840397588761,0.469721959468352,4.11621096083088,2.93885464931055,34.1544137545167,4.22327035645508,0.760797224274885,0.862358923103482,15.6285999229786,4.11095662177467,1.51849968147243,2.19922742749959,0.433024063019385,0.290743815262849,0.378551807850306,0.0487830205448282,0.0731163293710665,0.0565200158803567,0.255889932660249,0.417438565880344,0.507575262528599,0.161066633004809,0.922817355918494,0.7602471744082,0.731700064860739,0.676812742600792,0.118553478376825,0.121051149065809,0.156582196804309,0.0779624321801289,0.119590084111604,0.261783241790058,0.278612974241294,0.334939504448217,0.917976090188537,0.02887474206111,0.00398337701261355,0.47086253049159,0.171565913785371,0.380559890568142,0.147849388871758,0.365120794799689,1.10788878250664,0.616577658102316,0.331875714569855,0.35403711869481,0.522308609028039,0.298705514616852,0.386968352454715,0.450484235271538,0.0690796223971477,0.173798346036535,0.181294217923018,0.139089668648194
14,4.53960298021683,0.944523023322531,3.93742005551594,1.08770343791413,0.480000338196817,1.79503754558669,5.9556740976909,29.396347657352,7.01827423412946,0.633954525484077,0.930470201025909,11.046923313228,2.50623349361648,1.51248164811726,2.11993640958534,0.425208560625741,0.822128838968265,0.502213552714484,0.0588753360134781,0.0817691866787517,0.0748824448394375,0.169939576813268,0.284848751053353,0.406401490105391,0.17403414187928,0.930964351413163,0.883589254948731,0.618711989240525,2.2070556847232,0.110044027404968,0.108515434440728,0.111763850810226,0.0585225575636772,0.118413363019148,0.270083592842611,0.315462587759389,0.336811130120305,0.615071896046416,0.0675373149060498,0.00914381414049999,0.398263670519636,0.170700631248149,0.184252167768861,0.163788275321707,0.4248178742754,0.48913718389606,0.21691192636466,0.120379368034392,0.245783781173835,0.322982713418633,0.247838081848289,0.426619241432733,0.528370488747008,0.15351158157557,0.14432231296744,0.206726271489358,0.136470184075723
15,4.17223558202892,0.831463077673151,2.5054527892614,0.568456479950478,0.449250632191428,2.26374042458146,5.96448843096,36.5152493680374,4.53082364243798,0.384460817822838,0.840891817197514,10.4176107803358,2.58021823529834,1.13883578791716,1.56169615727724,0.396989034593058,0.360069793636283,0.604278606653093,0.058728949434213,0.0810108174520003,0.0810274939841192,0.152017399354817,0.259442499953124,0.40816774968163,0.218207820757439,0.910982374423805,0.616108616195848,1.61864812850457,2.2847927118333,0.124247115020811,0.0955327099397031,0.115779287177073,0.0712185255239346,0.119609127933672,0.238586623797033,0.324374377674259,0.347968721875701,0.415465442472654,0.0746854498274886,0.00907349659506951,0.519284213802096,0.175293396530237,0.38948879061086,0.407050922625115,0.49970519829958,0.494868132384305,0.374172677165238,0.147759861669756,0.526119118391042,0.343155083581784,0.510110881340747,0.342305189006678,0.383866816207108,0.0769425794633157,0.179303327452348,0.222816974771038,0.136227205687465
16,3.59814123352175,1.15896088315357,2.25741436814067,0.418833139062968,0.716085068477371,1.36453504671052,4.5394567613647,28.1543967888635,2.98943630869217,0.461101889081702,1.49586324131961,8.85881535975081,1.18497769378327,0.464926071704969,0.959022857406049,0.219909204389019,0.236162784637258,0.617312313868021,0.0686871928215101,0.075640777328054,0.0595039214433018,0.166903321289458,0.222371352887349,0.457407499591527,0.24474891399206,0.92445742323086,1.13325807058785,0.664268334197412,1.7683910906949,0.173038321835011,0.104755483141302,0.120413315101779,0.0671200343968174,0.152565940879691,0.317304660510318,0.346082112192547,0.370526707153282,0.676426900375493,0.0862491591814172,0.0102022502722422,0.491921105822674,0.153384619052447,0.423432116569642,0.332110609212221,0.552655392646502,0.698529225718062,0.390728079973586,0.142963916851879,0.464548250715375,0.431069988844436,0.50706358286614,0.215938410714401,0.516451423478739,0.139391245087933,0.16881327598878,0.186978525644956,0.137539798042267
17,3.51591087998406,1.04225180380383,2.10191412600315,0.443430899526587,0.312748308072314,1.73720993267135,5.09928539908073,27.9982082288681,3.65733914486759,0.646590247232032,0.822101830281405,8.84174550658834,1.35920140754453,0.509985310891171,1.09804251726554,0.264269882970637,0.252065862954041,0.46642009031014,0.0590707612996459,0.0668060490918282,0.0607580094677282,0.138490814988749,0.282543783701155,0.325332250631335,0.251628826839487,1.05723898321011,1.34790347261304,1.33947155702033,1.93570679192305,0.191036192351076,0.141016085478787,0.134144464542917,0.0827826628582887,0.137383725886711,0.295254772068153,0.345626992859422,0.341615854820589,0.659645961018227,0.0748666895166697,0.0114465291803421,0.549719349271829,0.156935607273892,0.570477601719756,0.156451708539011,0.264819391991082,0.695405788899132,0.249931156198367,0.14079450050134,0.368129693298474,0.38941253213177,0.246317737027371,0.613861447807668,0.278126556775432,0.0819913119308453,0.183025710046101,0.200097782459859,0.125920375798392
18,3.35142481187703,0.917154651085607,2.29955280830272,0.441186411221676,0.640000608903586,1.41293681041763,4.67502909347728,30.1049243535406,7.76084616806219,0.831106470064828,2.22383167597,8.96731166707816,1.37344421850737,0.563730250096779,0.936413100861854,0.235874959630841,0.207730820549097,0.539684937266579,0.0670134564266436,0.0833269671100368,0.0706942413741604,0.113849491360654,0.264850816309541,0.5337939256029,0.300067579601775,0.962321513430229,1.16616843721633,1.08711516407004,1.44773718753187,0.219329379343433,0.169581595631184,0.158673697744984,0.0808037714896185,0.168802252844374,0.383746608080921,0.514132571720803,0.388646541875896,0.645630167054737,0.0852519848485122,0.0149190222113077,0.589014922092776,0.188395103629191,0.330257572785199,0.217822548600316,0.228804812401881,0.391006528809982,0.381897932159419,0.115674535263443,0.310649082149591,0.417256277278949,0.244001924862811,0.534096705004425,0.558564377704963,0.147424091723976,0.245374193310239,0.211517977248484,0.146259716092949
19,3.40947431242197,0.906120849010766,2.35388746288872,0.923339190206045,0.629826086515206,3.15034573864091,4.15506879963781,26.9420758698032,4.80118011025848,0.762004559341559,0.875851873244182,9.82087512629064,1.21683210036496,0.505161505996806,1.24687509416371,0.299781190554054,0.356373192125757,0.379416078477995,0.0627056237247314,0.0889676500598462,0.050880045708429,0.155267080165924,0.255304827517784,0.661155243111569,0.337468453990669,0.795869790549238,0.471108411469793,0.851651053760578,2.26609704744833,0.194726912766073,0.140954927116602,0.165104064065262,0.0951056615739722,0.155573207991671,0.358633135064664,0.485326482618326,0.318387132643816,0.717004903511464,0.0554876589119885,0.0144931108648831,0.652108639652033,0.180274709391761,0.546253903310203,0.268467063167737,0.214088346238197,0.426955666459091,0.453458807179568,0.159505330274678,0.488084973177564,0.402184356718272,0.586025103727314,0.431045570530316,0.254952297723657,0.103278057263594,0.231092317347973,0.197343485762785,0.103547993483636
20,3.34358127841807,0.859951203473836,2.22804669297422,0.888003857460393,0.943043339860669,1.84067121968194,3.53181608876637,24.6577638304472,5.0131946577619,0.774556156085837,0.903827068609362,10.5506663939328,1.28085264222533,1.0958343480668,1.26920914221473,0.35596356347571,0.398833445926833,0.323290703001913,0.0732720805112706,0.112388264739502,0.0736073708810768,0.247718084666422,0.241144893790269,1.00239734547066,0.288789427107765,1.11165724740203,1.13038751520011,1.20383770991147,1.63565400339509,0.186906516589959,0.156991853966253,0.168141286382632,0.111566341660242,0.144379607015274,0.244881278982601,0.451517107281006,0.387431101024895,0.61788284930747,0.0507582564730049,0.00986497098804396,0.556392644423663,0.134079728128181,0.419780233848748,0.126822901398447,0.292058158628405,0.693792619019694,0.526916991869126,0.242063716260889,0.663077902856352,0.366397657737027,0.56580318416102,0.539215971828036,0.644397907232331,0.305404939246186,0.169047870981124,0.154516863095336,0.0973032928744983
21,3.51014114344257,0.747025108905083,1.95730157266807,0.526652502344222,0.420154935587278,1.86053560475342,2.84233874571029,30.8487612584806,11.8569720455905,0.824764313836444,1.23605466494968,11.0952414715367,1.12072341717882,0.517983689010216,0.759792627970151,0.309177686711645,0.375039205919085,0.50987536943176,0.0681163046834684,0.122467168019403,0.110738125044723,0.122470891679303,0.313467769177913,0.63973654887184,0.277871950337891,0.750773230688338,0.861754384152956,0.625797479764475,1.11657539781849,0.16478718216766,0.155092625730599,0.146206230321095,0.103689134847827,0.119507829201212,0.214364209794713,0.379952953728797,0.288058794818045,0.653401430618013,0.0403054085795734,0.0099397545115062,0.561688291792419,0.154082608088384,0.278207447657318,0.291117401537958,0.35537416259002,0.576920453573098,0.394493930201571,0.141908300568014,0.514546500297445,0.324205472892602,0.452849514443853,0.21132083051873,0.635646467532284,0.307334245286577,0.309316344251744,0.180700586160778,0.0803977514077411
22,3.78722935288566,0.711082098439539,1.87576263605581,1.24642215348511,0.78127216779234,1.2786116565287,1.95455564433983,26.1166862495617,10.9602950860569,1.8286162543937,0.817109773206492,11.3189417349288,2.20655058199736,0.394089503439535,0.765273696141324,0.331936137594007,0.424137093094957,0.547577998996719,0.0728206851196922,0.116196410087889,0.0863797012429129,0.173920981711294,0.329836490817469,0.636319053960595,0.188634312423886,0.661366763512403,0.85279413463973,0.896387448125659,0.581813476090783,0.116081732912236,0.118933825789987,0.123307523548093,0.0953410656789876,0.131686106175532,0.263841843967695,0.477571001599417,0.326179490994943,0.744818905665973,0.0368042146357362,0.010185265213483,0.604527069883177,0.17407842577534,0.309626898418986,0.273783493581343,0.236700478305223,0.709580946230575,0.515556127182159,0.102643738871984,0.778374293928023,0.437889152725915,0.617120014765876,0.45002860545801,0.550638417396651,0.237129379832613,0.356278688576132,0.194610427471707,0.0846883932934479
23,3.79150702695269,0.571703326328576,2.81238668400531,0.975329848342076,0.577171817781946,1.97846654569329,2.12381662611854,24.385854011966,13.526375266016,1.18770181165704,1.4951790347766,12.154159761425,2.02498979181462,0.96170086659965,2.83366724424916,0.558941730138769,1.02460459116728,0.284976482147446,0.0554539597744841,0.139759849433118,0.109859078147152,0.201385840683187,0.37087225212353,0.312929605739365,0.235648567646683,0.632635360480888,1.38710393231488,1.43547727954814,1.63833818175444,0.125097694064975,0.120408181487759,0.172222380113217,0.116720695444557,0.161220623907365,0.318302283985348,0.5340648600261,0.341623008820948,0.404566383856657,0.0403137468390288,0.0115496857369928,0.837622546785266,0.116145170827679,0.432692559694756,0.353275365630774,0.596851854520151,0.599126723933433,0.327196227762487,0.132887186562727,0.387899830447901,0.293304869378617,0.418258071667073,0.357781681973631,0.400949141054962,0.156025432411459,0.31343573079446,0.146826910388802,0.128772043157246
24,3.69506303077588,0.700705662655116,2.98015217494951,0.659503828546302,0.406847253922866,1.46606571771261,3.11667882765452,21.2162882757437,4.67772358205516,0.634873148041228,0.806300632552873,11.2744752285154,2.8850654474392,1.26150459371792,2.28881458870951,0.503213075947644,0.96530979858482,0.419236375698763,0.09831267919145,0.144937877009655,0.127170019684916,0.329909408146261,0.509051800816944,0.808451173368781,0.271573184114645,0.730346665257319,0.731492929393633,0.454885550146845,1.37389795880158,0.175161587236139,0.156833821691035,0.184315259170152,0.119964027321444,0.192774881719072,0.418415844365757,0.632174482498326,0.448922715259299,0.739593570777102,0.0490548699431257,0.0147174637153539,0.861644159847738,0.254054966652994,0.19207973367043,0.228862291267387,0.459035554481261,0.468112122088494,0.458176882611613,0.0829466757486186,0.424903354917112,0.351539618756334,0.55417596797878,0.31337678010915,0.184748142163119,0.125111611277521,0.351353733984007,0.389078305572396,0.157732952257149
25,4.44144267842396,1.2649496859616,2.81496870242709,1.01067567191782,0.407541127229734,1.12322560083923,1.32565424210713,14.9382863081762,8.98242518591402,2.1138437970266,0.948799316127181,18.6586880042038,2.99695245783815,0.945919815945651,1.45783261426065,0.593959043812116,0.399130920572137,0.42083255907918,0.0746401024263788,0.110580711229299,0.10890656039493,0.319573878576529,0.280928602524453,0.582719229347536,0.255668060185944,0.592638882480502,0.712514408649805,0.873782869195227,1.55301293504691,0.129643677767441,0.118847249110778,0.157023559677257,0.112674206911569,0.195976980233196,0.490382291667685,0.586263982776224,0.4142298817641,0.488842218622272,0.0194302143487606,0.00595667421453435,1.12076957440361,0.167290644513598,0.481615037442105,0.259725185888186,0.459073718593234,0.582036063121439,0.31894584378177,0.27600485392689,0.607910031291726,0.338219038376066,0.583942101542554,0.181358576610602,0.210884796308795,0.332646470888177,0.45597343328942,0.25912628336119,0.112776297308967
26,3.20694284207443,0.49893862086072,1.83577293532079,0.566693363055115,0.602230781735098,2.13129940606238,2.87203734699121,22.975658290526,13.0582737737131,1.82981827941548,1.36634081650206,15.5586967512571,1.71960484872303,0.33513461228489,0.584132994764425,0.402945869276726,0.337662944311227,0.463563666678185,0.0663707106780934,0.0928566266813832,0.100688093917678,0.321195607071071,0.238369331658175,0.549342748486592,0.238543957719126,0.553492354988706,0.557290926176879,0.580255337713697,1.28883235739019,0.137171894691153,0.126141399011342,0.178390802504553,0.139580749323093,0.179048691788724,0.496898234098539,0.534023313078022,0.348625068665343,0.782252023715167,0.0522372204667217,0.0277292270395269,0.853959291364285,0.224596672245478,0.476766604178905,0.203158876776348,0.296377105067868,0.53110181716031,0.402121438507123,0.223336020152836,0.708222140078245,0.509763528334292,0.802308168681156,0.559708313023684,0.535155104162178,0.284232539207312,0.485850283308582,0.339021413373971,0.148866203672912
27,3.21893997687891,0.384107406583053,1.87284118971459,0.814767733516327,0.697974568928068,2.29747396491266,4.89737806418464,26.6322231863983,15.6735081715718,2.37396652674009,3.24780216953939,21.0740593101953,1.99249985374377,0.410760822311524,0.601039667597516,0.465876992839468,0.277299672951609,0.40281649879454,0.0661400951483747,0.0814946446348105,0.0864252341120104,0.19326975226841,0.232753654649373,0.458043619794846,0.213098940273716,0.473529242221643,0.37038805082188,0.701940899352579,1.71746780503264,0.129730783993311,0.115251269531425,0.17333512430851,0.151835635376373,0.213505999347097,0.548375139231316,0.542286510319595,0.391595191565608,0.765142404024449,0.0376253887785687,0.0060073215774929,0.73707619562276,0.222583304721937,0.699544449417888,0.326980499444297,0.344842787480977,0.519183764178832,0.365339000009653,0.136174523382534,0.576968563126447,0.26262377520339,0.453981777413815,0.274926563967689,0.234013104010748,0.303014822003212,0.649671051742055,0.301970593118366,0.12525567716811
28,4.18105295479577,1.15787842082892,3.09400373129818,1.13615732756351,0.506035334464948,1.46852535049489,2.11539492141635,23.6264417149533,13.3643275974968,2.40232500573759,2.3269979211621,28.4978068137927,6.2951488745489,1.37887548015551,1.83098580436271,1.69103031743379,0.632078755408162,0.345131354015366,0.0578684032090009,0.0888964061164901,0.05701151410163,0.332684840715086,0.317738325115108,0.390796210730739,0.23964975820468,0.548555162754509,0.705507474266574,0.921629997520919,0.654642315656445,0.135738414264685,0.102697596303837,0.161411711289993,0.136821518837448,0.179761443430724,0.500455190705734,0.563275953725812,0.214566639541719,0.79602862125959,0.0149566565795355,0.0161050402188794,1.38543945199407,0.341149208893158,0.679912066568408,0.304741391648356,0.50907316811096,0.724768504297425,0.438997600345615,0.47793883308199,0.867262033181347,0.502639056716084,1.08634322368445,0.500507595228697,0.298315116493346,0.376849573704479,0.724682429426247,0.260949426700816,0.06403372023846
29,3.53832232268936,0.820588308234242,2.1068732710356,1.47365919228483,0.45395318062057,1.64097348845284,3.7035418498965,21.5756291179101,12.7222450913231,2.12979649738122,2.73763314366606,24.8275997979109,2.57417810943504,0.569933833793475,0.760909911509736,0.665025340422527,0.313363636546104,0.561376788858627,0.0756854215905738,0.0742845695331337,0.0915883768562722,0.211290131793813,0.249649923354888,0.462023061202999,0.255181416149405,0.488737178516912,0.507105442802151,0.451338237829387,1.1618784114777,0.160004422698,0.113489462096276,0.174100317239826,0.0993506211937953,0.217974196460316,0.52464037148013,0.503396132705178,0.356847348862514,1.00133976922742,0.0308306213441591,0.0109977821961199,1.21387404694725,0.100095651375251,0.668558308353971,0.337071951938476,0.371343488388916,0.732314712346461,0.582201957329708,0.201153982729878,0.866709802535726,0.299544229029121,0.514219871283087,0.244304269750179,0.625719052442556,0.310038951940913,0.519501440266317,0.287150448030014,0.102676381234751
30,4.98288378648858,1.06968801960051,3.50745988383715,2.27002483514469,0.538825459500387,1.08506299362251,1.88646071661471,16.0881935208966,11.7971070185469,1.47733458004789,1.09661454166165,31.9970655450578,5.84853565322302,2.02242255105816,2.47989275441617,0.6071042757892,1.01499945141027,0.286385602716292,0.0719099341192616,0.08864666985507,0.089709954463961,0.181423953076172,0.230643709256208,0.536822189686589,0.287440453443778,0.550039211072352,0.512892596339987,0.829287076200844,1.18615417777159,0.140313325922292,0.117607607998109,0.169355931526402,0.0814150593177276,0.215943919680241,0.488750452119071,0.384297253281897,0.381869569249269,0.518969068931623,0.0315491826210854,0.0130008169087772,1.19191112775586,0.141539534593458,0.652612384489491,0.372096742381191,0.569351416550347,0.820707222766842,0.437073169234167,0.169267497477166,0.562258355823318,0.363446706904039,0.495975445575645,0.381623874174019,0.507698882534264,0.0828802357607091,0.261030661917617,0.297413107219239,0.0984342590056866
31,3.63246853163632,0.345079091716955,1.91232144428665,0.954813772418009,0.70005167776521,2.09224355549277,2.46839641153992,22.4564416794621,13.0556853642654,2.11974833300405,1.45923973811537,18.6801768950915,1.54497493790362,0.963635889553897,0.59281849232198,1.11937318513757,0.800502708237498,0.372764115837154,0.0802605370534274,0.0865012784903611,0.0816059831223793,0.13637045216973,0.220518855069733,0.425156551274076,0.280346092990038,0.294959288438537,0.848136215472076,0.66782289768467,2.27373039252428,0.150655920843347,0.13911105612502,0.192643502484502,0.0899274214870064,0.176182940240671,0.375103284011769,0.379502968306367,0.3935175395032,0.677804615992432,0.0141764825675446,0.0182049319706933,1.33650013360167,0.255293778534888,0.62142658574293,0.178318818782994,0.266668388912852,0.762943252317546,0.575340912091621,0.0927990014518933,0.756197903348209,0.208672728011962,0.92695183246613,0.278833986622844,0.224273891815403,0.214142520472649,0.546650959369574,0.295736231839751,0.0920018668109007
32,4.708253366343,0.726971533473526,2.43777313099859,0.719855525892929,0.936415100327293,1.20430681236786,2.72589636590326,19.8705495198503,10.468867109259,2.05313964199053,1.12456322206644,27.252008310817,5.74855960332644,1.16401952641998,1.38000691259078,0.970051204766727,0.803685753731688,0.574259687829519,0.104527447997783,0.12102277158439,0.123182712080833,0.241483702024336,0.256236487671524,0.498089448709901,0.316279288553645,0.549880459801808,0.868597427803756,0.471027251428583,0.829121318238576,0.187831113607988,0.190215053573135,0.285451396463857,0.0786853110633414,0.250216735784346,0.475667042507567,0.435380955152614,0.405888938597227,0.903415540092547,0.0337793092438417,0.0210137342025343,1.15932190484723,0.111575063314163,0.238317925712598,0.251307483094612,0.152971295809753,0.466568824358769,0.649585201483625,0.298518926559947,0.496392169295741,0.365078066412681,1.07218112615573,0.192886713095667,0.571133117434888,0.224360677347254,0.580014930624364,0.26570607715517,0.0906133695779708
33,4.52709016188498,0.31219381320662,3.43895943633514,0.666608508427588,0.314769822008873,0.93407166363662,2.2184945148559,17.7700555704703,9.51760276211998,2.04292278477962,1.00760749517166,24.2755253715195,2.48344992071368,1.13751674525114,0.788827377986549,0.787920504196514,0.638796565314816,0.360684444618669,0.0745791064584954,0.0915378005053447,0.0842727904562432,0.203936357898763,0.214213802949578,0.347187218113566,0.212613448247474,0.330659293010756,0.655171990993051,0.413987786716589,1.74571220697422,0.118582627105635,0.162032494634215,0.276055569866888,0.107352600309817,0.261385017685516,0.525595652295982,0.428311707550231,0.464519062199147,0.895817078580911,0.0194458845290616,0.00850020451797716,1.11645527338563,0.23494927791051,0.283403353653544,0.120930333069784,0.213110099216396,0.984876078937941,0.796329104576547,0.377108520610989,0.354959837989677,0.229367343800604,0.601021611178074,0.505308907893657,0.485271976272378,0.201193929101081,0.437423901857623,0.284608050945744,0.124076462198019
34,7.15736724296072,0.959884567350566,4.30719224945572,1.65698372990348,0.77902327870333,1.96362436725832,2.71918246619331,19.1963073908718,3.8832589406149,1.9515524447812,0.670250314672848,24.8223884512296,2.39228366789352,1.0183466459071,3.61971171054683,1.34107522672077,1.97928023284933,0.221865898064343,0.065256088022432,0.114540575511961,0.132488196082017,0.246858484663994,0.275553296330869,0.457311531079387,0.216732367920759,0.419182050662577,0.758637992741816,0.603462188778969,1.28217375942375,0.128689831665226,0.129030937427393,0.19357365786929,0.0759124442146978,0.199955854715707,0.403943834267694,0.402515225803375,0.445224624313044,1.02150199210135,0.0439196445710436,0.00888285180269938,0.888207129439709,0.224691399916639,0.409787904754134,0.275035559038108,0.434951706590556,0.457753480697534,0.593693642495405,0.102149732908515,0.484354616308736,0.218285745869876,0.997930950388106,0.341083964840831,0.363396724796573,0.101533613473528,0.132923165760471,0.28667493715351,0.134649180818956
35,4.69993663557879,0.298760782202714,3.65675713150376,0.911250048969707,1.20515006380716,2.68386507139496,2.48975749412939,24.0616296560253,4.57809942468196,1.11926008509933,1.8959968516131,23.8528628003266,2.63370747513494,0.840587244952898,1.100901890135,0.821376011953129,0.783500942871393,0.161074871097475,0.079253794585838,0.105004171449819,0.0598245067992744,0.336108768709779,0.156222348441745,0.502769749813263,0.170575946871756,0.410809997884464,0.485931138958269,0.728440013608491,1.64567319915898,0.111249673791393,0.114706335406477,0.163732027230451,0.0579418299154338,0.191041420243854,0.315662203325958,0.31577391846297,0.397029522275945,0.965311586334946,0.0490426099468439,0.0170332304163393,0.639292973440245,0.232812355170542,0.347093332825772,0.404072361406727,0.298889535788839,0.402236725658254,0.605118600599043,0.372363671873052,0.789753477352233,0.189981414070813,0.516060016133653,0.25259598382288,0.488004732666806,0.207119768213146,0.359554784377798,0.313906404353943,0.157425017524316
36,5.06638654472968,0.402779752201482,2.60277004013943,1.06310476010573,0.78479763646843,2.43393604411207,3.45858004978983,23.4839229986421,4.66596102098686,1.12469570526377,0.986672187902527,22.4336939061233,2.84198508566152,0.815312262565949,0.777436289059845,0.955482857284089,0.85600575574798,0.312610062927348,0.0863555974020056,0.121064067012435,0.158472517894794,0.344098560416512,0.35191427079363,0.278499284848712,0.149065332558798,0.671837736940969,1.19156405747552,1.32127590291501,2.07653633584432,0.110263756660992,0.108261695238404,0.185567940003543,0.0665600599839902,0.191539578307113,0.330906752591752,0.316645027038498,0.362480045979515,0.718232936625577,0.0499884111896415,0.00700911005424608,0.789862434421317,0.235703645864758,0.242110378414638,0.218462220709879,0.156342113967751,0.264490143984472,0.385607125890664,0.130101168122916,0.267832041294331,0.262394086748084,0.582202591920712,0.384118545558951,0.195773704926928,0.15845922395938,0.30660085922593,0.307920479689602,0.215995348450135
37,6.5748812667083,0.74025525177898,2.62123974757521,1.66793336135069,0.870071560628073,1.03919979866775,1.46598278108028,20.2823544320245,8.04314903574217,1.41972249093424,2.01178542367661,18.2824793816464,1.09026189627233,0.591933907860046,0.537436450153456,0.466193857334877,0.567854157101865,0.401529879682793,0.0866174853429584,0.131786647651037,0.186902080996659,0.344389363314737,0.315342146886268,0.525248796263967,0.181020367502741,0.386543632211448,0.58507482162841,0.66685415530102,0.523858090376372,0.163574083878527,0.134691341132432,0.192580116847587,0.056544462906102,0.174832611728524,0.334858949035015,0.298296699809205,0.324772096153913,0.636108841842252,0.046086570804885,0.00874132264922398,1.1385294822926,0.317148125788249,0.432963583834287,0.204161085591146,0.226371052060102,0.385532044977371,0.362685594137879,0.128417207073712,0.370791163843546,0.3415116786675,0.566838108983452,0.444634281828757,0.371123377180551,0.137021927650256,0.438437001891653,0.438655413866431,0.205355529026281
38,4.20772904191251,0.339041782488011,3.45042020674661,0.931062397639512,0.657409117529222,2.00737812215657,2.3652066677489,22.0422131154714,11.2815167699492,1.94572154252303,1.45269168622024,16.032395507844,1.44247800737187,0.316104753353751,0.584242935719159,0.890639440842316,0.940084252429835,0.489559379840069,0.0697196874817194,0.143634612867712,0.176105199094836,0.324449394944795,0.294469819907217,0.533921064077392,0.206666974967834,0.30519287958993,1.01498363026583,1.17130600811362,1.08098917265854,0.125996216772797,0.117506941441287,0.159502493696369,0.054557621052865,0.138875941256175,0.282224499530901,0.267109747877495,0.307037837579356,0.56999947607909,0.0459839768026231,0.0184686634885874,0.903541214884762,0.294669415985615,0.183513653528815,0.194486904307058,0.156998411973283,0.276952958119304,0.346130965384845,0.125516089090179,0.324137798737216,0.305201355444945,0.483888405575389,0.27366407667949,0.614456924033167,0.142946496423417,0.541403450427157,0.386750870066536,0.163918654813098
39,4.49175977686905,0.816069165025134,2.41699064357357,0.884694951540552,0.567187182491563,1.77893777115967,2.5015393413109,18.9157258200052,8.66775470824829,1.09665970769105,1.16680723467039,19.1759755985211,2.97547208116115,0.958682790884692,1.20212000558884,0.863828311803455,0.700811014308324,0.49928856851355,0.112734352658052,0.123600488527925,0.176808526400736,0.309051573684919,0.204254861724685,0.308405268494494,0.165350407571282,0.636502566630015,0.493132800752911,1.2351935959943,1.5172545177258,0.0992513770053117,0.0845856196129263,0.121051880124044,0.0390824048573853,0.170304015121393,0.347194275273996,0.318276435836892,0.286439684471816,0.423992696910016,0.0383067011180474,0.00888845999044792,0.639858350240207,0.262702347735126,0.28311708584589,0.123041954946193,0.25820873282869,0.422247494848662,0.202052553618071,0.150933791563393,0.429004493352825,0.219128055530087,0.583178695324752,0.520016168963339,0.513117056573162,0.167862781703084,0.521894542179649,0.348337890968248,0.133911811961367
40,4.12542373870082,0.749045523796581,2.70994824926008,2.61414133169728,1.30820334730355,2.6676873055926,1.57631176042536,24.2065269263345,8.81456204900794,0.862707263284707,0.859332193054764,19.1891176519259,1.73398763666255,0.436585632051579,0.49335806536668,0.650195640245584,0.422261051321232,0.430311168795902,0.10505103076547,0.128697103715488,0.148436711591893,0.279662634376869,0.182846581073619,0.36748162883019,0.181367244103096,0.517565115124008,0.732635216165055,0.330441095106411,0.88179845723428,0.129132652674598,0.114402582253721,0.154958420516634,0.0461287493645466,0.214766824245348,0.435143510184279,0.39818350642222,0.302459353343795,0.48928589332793,0.0373104891620389,0.0128431665112071,0.684195601130255,0.235085730822603,0.153361130643855,0.196394421195973,0.271830351083172,0.394159247844039,0.399466887351197,0.123757424037979,0.38942414979033,0.16807729037783,0.329182329731361,0.442231658708983,0.199947707954827,0.286445660577923,0.69509278943833,0.3406876577653,0.118891543676764
41,6.58349479010084,0.966497391492638,4.66175396617718,1.06585442685075,0.668853759347312,2.15389419425598,3.0415005813114,30.0556121290802,4.99353539350959,0.426163447967137,0.79302356691378,17.6692350345337,2.78578736884793,1.28476573920126,2.10210679764436,0.572960249421239,0.695760721804033,0.346195460765979,0.104674554497766,0.146779854405444,0.133541417558375,0.348173924520367,0.290441490078969,0.33978893495152,0.191500771550283,0.920467764455331,1.08971369800746,1.11368022513779,1.57031257184799,0.126722483275125,0.107952442981809,0.127701963091502,0.0414538078387965,0.17680901664253,0.380562553212811,0.399697372392944,0.376639270676055,0.471245633907357,0.035791835711216,0.0143001937111375,0.771734117088914,0.262103638582962,0.27771063118009,0.161653564416305,0.318978832058397,0.699960013512372,0.239343232893272,0.0827422887024087,0.174452141462094,0.20233955836567,0.386141335037846,0.567469920489234,0.560487188506103,0.269661421711926,0.217163408846091,0.391479425663117,0.134590793579078
42,6.6352991102497,1.07947041613908,5.01343223084646,1.25563838742079,0.677022280087981,2.14437130673129,4.08972638977809,30.6087034002058,13.6946288967014,1.65030341225189,1.37251201583387,15.9667237355414,3.10397637203803,1.49417480388989,2.04945870783631,0.571069985069116,0.67091449045071,0.222462873346823,0.0891052093673217,0.0897837354543425,0.120007012536298,0.580462070411673,0.404331687928798,0.21005152958798,0.216631241460058,0.458667740779257,0.53685828882952,0.938905303798217,1.76814588021332,0.160223105655779,0.151530798339892,0.192964065817874,0.0579831116026434,0.230558336042977,0.453746646475279,0.493939618833061,0.433440510320704,1.11805847647968,0.0669664989118788,0.0539507822174997,0.376533616233468,0.234427074546873,0.355981834889747,0.245161948897993,0.405888252816533,0.446241769506949,0.708708020635819,0.360963777528173,0.313773391914975,0.139846609809882,0.3599990884311,0.286857706540179,0.260213753117777,0.255012935321203,0.531142959189433,0.365895878339457,0.0559377506024816
43,7.32818124925197,0.997156156929747,4.72504204580833,2.57124705772618,1.51594198218296,3.00615322080552,3.33721503343208,29.9138415114902,5.93919716189063,0.58920067024128,1.28524971129262,25.4342461520663,2.02963961187737,1.04922204597531,3.78362115548786,1.71555046883939,1.64369549279594,0.265852339550674,0.0694624490643727,0.100522718799008,0.171099371522594,0.331222421296284,0.269865794783894,0.436685365322835,0.193489891690738,0.698670122272113,0.411911588364897,0.742071547602835,1.65678269054252,0.103347403329748,0.109010971858776,0.188154115530379,0.0430388918502063,0.203860729430952,0.372073286368115,0.541440404463962,0.461420946713348,0.954505601449094,0.0479166851731625,0.0349577605992378,0.667887724039525,0.214646321877198,0.356162847901384,0.47098996236995,0.350956491452744,0.606121170436715,0.6346969285227,0.213676918612184,0.659375303131421,0.140310021951155,0.592316773504583,0.347089715246467,0.279114990539854,0.169317142960852,0.606465994614122,0.374320334258155,0.125461151773114
44,6.84470369388624,1.5773216755576,2.82123584574557,3.72583172985857,1.79814809695659,3.61922156208987,3.43574894424346,31.9800120647803,6.14160261829048,1.31441001939117,1.19836716231435,29.2675240604098,5.82634178645137,1.41339245348979,3.02567517984648,0.606833554301901,0.563317558776999,0.315925674778802,0.0882194048266101,0.116932589473982,0.0630873472603561,0.35625636904057,0.315353242872938,0.4692580775504,0.228507581152894,0.602255220044223,0.39504648606356,0.774781012649613,1.5994144372769,0.128215169125313,0.113864813767226,0.132848210712296,0.054913099033468,0.12816612546687,0.263198223304536,0.466033267845539,0.403657530339928,0.899876852263942,0.0396903008362758,0.0195914680072543,0.73017020974347,0.259040550602543,0.179021481965378,0.270043279883,0.4863571465982,0.612248428113441,0.314286720764297,0.150185780789573,0.444692589884639,0.18746374545942,0.535634879144348,0.338130841911651,0.222849161140872,0.220014427211467,0.661351108936982,0.337714882485606,0.0684308812826698
45,8.09883910760757,1.51023630128007,3.26129330404253,3.53032857792154,0.689971513298496,3.59902178496703,1.72819492313334,25.8446835265587,8.33500744043396,1.13461910699001,1.24795057128687,27.6338795741293,5.60272497763572,2.71141024597322,2.16528538755258,1.58165023472015,0.634931925204433,0.585905772405489,0.0845657655777446,0.0628948310192967,0.100171040811825,0.39676921521651,0.409459976341525,0.598614411471924,0.264737740710349,0.703451254006794,0.552885686644826,0.327986323356585,0.932829248719399,0.165630780748862,0.129736738479979,0.171529908378493,0.0775423623646984,0.163577602456205,0.35953415486095,0.619564999976084,0.523398330712689,0.849248014261036,0.0737381053171206,0.052724180616664,0.313093251755777,0.197343047387202,0.302849272030647,0.162999267957774,0.346322019323925,0.590980802226635,0.274678923574703,0.272168657756842,0.509993073159272,0.20562934404839,0.505236569861534,0.175384330775044,0.342856917080832,0.314819066653469,0.779662781539253,0.291948832980623,0.0480509110842096
46,6.29859350185808,1.61745634300253,3.37114120405265,1.35604941193646,0.700886470830566,2.4442257131923,2.76132204513017,32.0185363741363,4.03505133764963,1.80698289734718,0.788664748425097,23.4274260658853,3.21832982035017,2.24213830652678,1.93278837635538,1.61698136855063,1.64846298980298,0.52756443245887,0.0617420782668298,0.0539130518885464,0.104033924573817,0.33963693738142,0.345614664458346,0.513886683432619,0.283853267364243,0.610171225117077,0.724785432120311,0.373237122135079,1.0412068383213,0.0727417362118003,0.107589172564638,0.16050992173089,0.0701669602241678,0.187911962426689,0.365506032279436,0.595224565618283,0.486518868369826,0.737501867858716,0.0465801412470144,0.0377751673177722,0.524374317212764,0.230992526858836,0.145889501418081,0.145277221445573,0.236781998591471,0.456051600560895,0.246522206896789,0.296495331340485,0.530969556243708,0.376196586510865,0.908372480147143,0.169175881720142,0.220652649413903,0.345990461297919,0.633193528492061,0.312596484220359,0.0480541284560608
47,4.45165422942527,0.507711089163658,5.61537150965613,3.85303868249349,1.57200490978345,3.78397360905118,3.64285003864799,30.7697999188971,4.96437618844323,1.32003330666989,0.774235117111126,16.1482162165476,2.41373974416921,1.47224091849113,1.01291002388954,0.557830439886105,0.482198417128594,0.414812703631358,0.0667939614313111,0.0829738404685692,0.0830552432313637,0.110378336276839,0.327144320195718,0.533041602864078,0.254999054442721,0.633947162347033,0.37413239929418,0.766141625082223,1.66057423075577,0.117914969780413,0.0701197365765212,0.130736027578641,0.0714021975434228,0.174733274199801,0.355370454766022,0.618911705783351,0.556559436525504,0.678686726984381,0.0487483209777601,0.0287259558752868,0.285717049908747,0.181115467993396,0.143038579150539,0.132221894989544,0.251916247585493,0.803084666303588,0.646963282103867,0.270991218380714,0.217832143829046,0.145380113983702,0.669295687660034,0.35209030101004,0.197387523257639,0.0950301339768495,0.319969297221645,0.260345347622495,0.1060586188918
48,4.94554413581922,0.262395151558222,5.35001224675378,1.69355104025269,1.79050506684924,4.56646843592663,2.41177061009613,30.3386849598926,4.28007184982519,1.23498957954199,0.822030350690071,19.0217774557393,1.84026407208584,1.47102168330679,0.845803828858684,0.787207082408891,1.3828211507677,0.678906323278247,0.0658799669383128,0.0993886035481287,0.103171291645968,0.238806992724353,0.333675268802172,0.504470380935123,0.294691239763433,0.557582480890555,0.626621177294606,0.529156832833902,1.29383648397784,0.127835608731222,0.0738024322929092,0.151859026771474,0.0915964698397951,0.196639895262949,0.436307045445968,0.739492683035017,0.600495037142518,0.49478954264979,0.049174031718171,0.0303749434372359,0.437731138482106,0.14386692578061,0.129286795936047,0.240710072157055,0.361624514645352,0.672971590316864,0.291303695031618,0.129583428671631,0.222774198846049,0.22200515163029,0.698054858602869,0.476625614235091,0.423177771565129,0.0933338986697558,0.604828942810964,0.288843511826172,0.136957069615631
49,6.46428277536319,1.66688837463256,3.14199158692264,1.32145134435617,1.53508206267439,3.78471148906978,2.78407611478905,27.5278026376541,4.14604162449875,1.16494825474358,0.917146844765658,23.3849268871788,4.21489582384314,1.40304252473274,1.63659600760481,0.669548121199773,0.477765375976781,0.546475622400981,0.0636474876398342,0.103590414231588,0.0580944663095474,0.27363312560581,0.423276185565812,0.632122206913384,0.314873248489681,0.565232410537338,0.437589093616784,0.615116174901667,2.19649876113045,0.128067712794412,0.0700836281393833,0.14032665568587,0.0743222097514418,0.255877033235753,0.61669284733157,0.921123841567639,0.660292223631465,0.607224118599382,0.0757585758907395,0.0429064098916823,0.536417512281292,0.170803384507025,0.189001306993121,0.140909185968611,0.266729078686083,0.784920295085096,0.248644044169589,0.208173784824796,0.285070230971906,0.150495838094291,0.358099022457246,0.563584833697968,0.518984235687539,0.0952357538556847,0.386620980846948,0.342164146693077,0.136577297184788
50,6.29482063990806,1.22538168368871,3.03963215390515,1.3871954525303,0.549352968847164,3.27610165877854,2.85482050527526,24.3317659806255,3.7392173128602,1.2029141896076,0.925673121646409,25.0418243581979,4.19560902695077,1.29054590879639,2.49357278790025,0.683329394108039,0.480936833573021,0.562968256116752,0.0674854042451246,0.102552205174171,0.0892963759336727,0.163299981702579,0.413262672119986,0.667182543731267,0.396761621303388,0.558374742264377,0.547925581681274,0.365768808077051,1.9694650655433,0.140995851547383,0.0673528689266095,0.137045847006894,0.0716433226650976,0.213480435495843,0.389602428328816,0.599804139455639,0.522567146923158,0.218781962123304,0.0565239601062918,0.0236303261832246,0.533477621790822,0.204432760148553,0.360236947496839,0.161790226382353,0.34230844446428,0.471994583234728,0.229957453308805,0.114517940767438,0.333152632613917,0.163038582827564,0.392380866145518,0.678538213418975,0.494754915017835,0.16255426255311,0.446398413845816,0.29959043681204,0.17473562565956
51,6.41469073973964,1.63084725087146,2.99440325104746,2.88529194582054,1.45503240471866,2.28746491133495,2.43125188304274,19.3027940482379,3.3473190307507,1.99414009431333,0.908841808079547,25.6111486622191,2.80110317184548,0.735043318249734,2.49825550072422,0.580553734616996,1.3879130896236,0.550288672110476,0.0988268196031021,0.127437118922116,0.0711660944129019,0.325687517915779,0.461964795529466,0.452496867244918,0.265168633059396,0.506744607665722,0.629774349107692,0.819988582078221,1.22446311250905,0.124349788294809,0.0734063929271159,0.153021766597452,0.0799626253223613,0.216186780812293,0.428806547589194,0.639716000595341,0.469546605829582,0.580110804885064,0.0764927662534006,0.0403680796540566,0.561343904800864,0.246163301145701,0.283441674009607,0.172231866869135,0.317965310165497,0.349892796054234,0.153170609135607,0.171496020995179,0.301732793591557,0.236119188065781,0.76961816086895,0.745691809243696,0.662586641845288,0.182112103512155,0.462524668373368,0.36256630036975,0.182741371758881
52,5.51535321413651,0.703829190609191,5.58510862535863,1.42851461808233,1.09291680504987,3.8304811256882,2.07733639645133,15.3701726732047,6.28125555664512,1.64981300106779,0.906721328400203,23.253316446146,4.51846156973099,1.14094601387678,1.35915545280585,1.72764306802237,1.80154994567443,0.704615065041178,0.0853771152486515,0.156951594434917,0.110249475127736,0.446786840672881,0.229636665526848,0.599438801347297,0.290906761887685,0.439920547167581,0.536927234040145,0.71562750043542,0.783665120974183,0.120012945502729,0.0866675758743381,0.21244245059379,0.109833796082783,0.23584399772444,0.388992348987096,0.410599216133899,0.430473072130125,0.482047555572803,0.0570417439851785,0.0168301366893362,0.2488909787506,0.206793707479435,0.250214488253873,0.145844667729133,0.31884919647518,0.446018605921532,0.185866532253593,0.26833792300457,0.799317963955802,0.337886143378221,0.875354784667459,0.523984565268956,0.708397860583879,0.188812311730563,0.554948314931167,0.226554212471391,0.171437927257399
53,4.96453047489334,0.358784010284386,5.98085698068568,1.71590805473545,1.77411283021941,5.33577367548215,2.21595983101932,29.1976605616696,4.09186355348541,0.757012823084005,0.88788011335805,22.8502602086169,2.55201842491172,1.60927104855976,1.06348793494451,0.979332484411894,0.761201941613164,0.911924994683078,0.106615989694011,0.169362156488053,0.14121561882417,0.129248449009252,0.369696854395918,0.519190999257503,0.274553590064855,0.511442951735705,0.675081734534844,0.434228745961733,1.51745561624789,0.126090575798762,0.0865833676170837,0.231614281624473,0.102813562160587,0.2266433181208,0.386116334944551,0.581265688017458,0.410978217107634,0.688943948936814,0.0564032902577985,0.010131917877174,0.459789710948725,0.1577377803938,0.201996923326141,0.275337258008767,0.248756308794427,0.566908704802454,0.536487868334413,0.18632523173507,0.29203247831488,0.247687771435831,0.811988308491446,0.479641905935041,0.757371794003096,0.125142722507067,0.318068140068617,0.26696078590244,0.165374217172848
54,4.3839795977363,0.861887424999065,2.64220188828967,3.40001242200284,1.41885319059697,4.46222586802228,1.54499731087194,29.6301413389037,3.82051777576739,1.55451298433471,0.749875260008639,23.1952318135822,2.70595411568435,0.707223562087766,0.858086885834424,0.868070083267835,0.732405994682158,0.795435542121305,0.124901430910505,0.164037822576237,0.0933336846822089,0.270811106526446,0.408748139350531,0.566278440999307,0.259341521118515,0.56083109876587,0.897591261470549,1.00111294488829,1.73094198901374,0.140184196676191,0.0821381949575524,0.229394414571137,0.0995448931446521,0.273273926656592,0.34029728548825,0.424563328818078,0.365160990363744,0.536166876841414,0.0612863888220958,0.0180623827675169,0.352081203885862,0.153668663393273,0.293029566866747,0.344919542032001,0.331990890119546,0.432397266336309,0.353658758110922,0.266389119659928,0.351981586598097,0.666528866196239,0.965914669001215,0.685310296141571,0.276866901765394,0.168927361289983,0.203147639204085,0.203256793064623,0.155586507420265
55,6.55429930776927,1.39025661368697,5.1673044916734,1.48891605360715,1.01743741323427,3.05658431480956,1.88149283459231,17.0653848915298,2.44388765528395,1.75068260551737,0.877239642642037,21.6922891378438,3.83306512963055,1.47799573021227,2.36182028934117,0.562980421554457,1.46648028103558,0.842652010297008,0.144675716022774,0.201802593378424,0.0989567135705006,0.365367365237033,0.346299753969269,0.488369084277448,0.244552608438047,0.530674773930294,0.811729914433472,0.874595869736567,1.44654242729286,0.114667248963951,0.121026692530178,0.280591170081613,0.105751812649623,0.265731908277631,0.34861935825133,0.445199689717271,0.355720658008261,0.646209064866964,0.0729076858161444,0.0346512355894319,0.207215789825908,0.175193537127762,0.135807085626827,0.206290466924297,0.449562844067867,0.438012364227989,0.765471610932013,0.337074708904797,0.318894742925738,0.277197667278066,0.988259526505336,0.62226271790789,0.541162375659773,0.10990932433454,0.260140943896383,0.206541529049194,0.158624005180636
56,7.93874268905218,1.07700173938056,4.83856930182294,2.98179748275678,0.405211257914955,1.5935900738443,2.53802671637412,28.0825358023989,3.93524828978316,0.905650143815249,0.816760691014152,21.1634304913777,2.73550318532888,1.42925220690424,2.94109533820736,1.87192466016254,2.11255981109649,0.418339222309683,0.105573699601338,0.152099910799746,0.104014650751291,0.365410278703586,0.363477208186698,0.529703918289324,0.282789864364831,0.548478345786395,0.819472295533612,0.619850075066591,1.33145680463771,0.115509572208321,0.108647320921186,0.299834491757455,0.0718164172313389,0.30163404641085,0.412359909041761,0.559437760986404,0.41747234918228,0.793062722370328,0.072659024386516,0.0458730335392841,0.146886106988767,0.182236761613963,0.207122803480999,0.195874757653159,0.474284851508252,0.792583312645729,0.860892188842293,0.416179586962201,0.667832485137892,0.770747008654364,0.447205810632997,0.726165768617306,0.391960233015984,0.319095334731636,0.521698480515356,0.234195313779819,0.138335098800833
57,9.19140011143535,1.03195566505239,2.32710251817952,2.12655628327553,0.762607534546586,3.54251641471201,2.7771080176644,18.4371347901683,5.49544714480743,1.93523178418407,0.627561727315613,31.0658690246229,2.46386932053183,1.63169823592229,1.18702617962246,0.856945535269884,1.0436975218188,0.545430132787102,0.0858867584959821,0.140407662866044,0.10147928194428,0.131943834837165,0.23059581751839,0.461232932841581,0.252590732673604,0.577681862365834,0.89665995587301,1.44640345284237,1.49821751109091,0.0838695387055891,0.085650773684029,0.277721466501657,0.134021212716351,0.274005687253893,0.43799046532678,0.511920054484466,0.326403235938894,0.575185584990093,0.0371684127196875,0.017956230826327,0.277234247057009,0.157489594286133,0.115690298615364,0.391658210179378,0.317378924768139,0.3570570439754,0.705834250407486,0.225477322513092,0.337219983130252,0.408469181794203,1.387353641149,0.677435355219235,0.598671129803144,0.140470614569431,0.167116042933755,0.180330620258008,0.155707959667653
58,5.53330369575888,0.326754598310773,3.41336334246743,2.09085760915398,0.407937935696324,3.39330712769896,4.16625716977811,24.2751953566686,2.51226106309883,1.13977301164425,0.504127948908292,34.0267611824194,2.48092264641866,0.661985824203521,1.66163975009648,2.35760305820546,2.68137119492591,0.595094850103548,0.0866300239959935,0.138833779174227,0.0921849052412127,0.166507796447024,0.253974656048618,0.374102714269735,0.245316177505988,0.413196540471673,0.618461143971245,0.918786455243156,2.20242445266684,0.0827871329928852,0.0809801600233842,0.27810201052436,0.14847532438766,0.266008311718249,0.392618624924349,0.442227161312763,0.333118896525572,0.620426022923852,0.0332714360696718,0.0152912605612479,0.252901935057268,0.155270227218635,0.209615491083578,0.386919562654203,0.360724485850008,0.782732321209696,0.786193703871979,0.360465467651872,0.906712702122422,0.766681359753273,0.736202891456012,0.638236248250936,0.645591498851237,0.136104574296612,0.307266210808043,0.186610614470196,0.162988355036534
59,7.44922179093399,1.2297622825252,4.87988396203746,3.25124413639342,0.595889685102624,2.17226061538765,4.94807178619594,26.6500732350305,6.00295867147251,2.40987420655167,1.00425507093762,32.3651527785197,4.96867612501108,1.9547200761283,2.13423681883477,0.802838681474228,0.92765696671211,0.531947596517176,0.0853991010602255,0.0823652707589921,0.0819739641877629,0.336477934895182,0.317453511901386,0.224796906957175,0.233902908388161,0.453476987848873,0.602799493904876,1.07210747514085,0.806573482688498,0.0771552995380116,0.0697878108352409,0.230402885218459,0.146237368272015,0.120089373218813,0.410100922818648,0.588998852325113,0.57308780185562,1.15559100154884,0.0320866692118859,0.0247997194117459,0.267593916933905,0.118184884076072,0.255896969696467,0.298004468844871,0.572987635882541,0.7540641696684,1.50647095413339,0.732318000268199,0.678617761061826,0.411160553766599,0.988930131722528,0.343463497690107,0.678834172886597,0.224113972463877,0.359147982839555,0.147115992518956,0.168225899482371
60,8.33125671376019,0.989044557563137,5.83699482316691,0.962316616559525,0.441083556156505,5.0944164685356,5.21997098930175,39.5341654320938,3.96200308551206,1.18004281830201,0.774426210693036,33.7185826904722,2.46064688468241,0.688671859944958,1.09653699572632,0.738560345403035,0.868167284987957,0.493347289191561,0.0584279509660515,0.0951502808329002,0.0985086584536807,0.1394160237764,0.180722146532817,0.323869390201707,0.308803264677287,0.482128100368637,0.705114439615318,1.15659609393826,0.927913374487847,0.110173961831883,0.086721264041252,0.228848195265462,0.131291919949824,0.226485005569697,0.324491308051696,0.361350775960771,0.44601673160749,0.851129224557426,0.0422229677711333,0.017521991968776,0.365860810329895,0.165433735455686,0.246494245548683,0.423055476098886,0.378336721666807,0.646610051576135,1.03798014724264,0.339578656055843,0.897560587259742,0.792251391614374,1.02318405139542,0.579224549668269,0.605306243847126,0.0558801562596665,0.181922048802551,0.255483426546259,0.190056168754582
61,10.2995008941302,2.13596544802127,4.362085739211,1.11232451370227,0.962208405267649,2.84888900332507,4.16145620657577,50.4068155044999,11.319728871099,2.65735195046862,1.48023417763891,44.4430679210919,6.00624614045241,2.23879531361092,3.55839217525328,2.50608829231427,2.70699669442067,0.39878743773797,0.103057791811916,0.146155705378251,0.151579528526107,0.500127711294595,0.513553669026731,0.317826973261344,0.355770797515556,0.393832508140421,0.776493306199822,1.0278558507417,1.14094501655556,0.154819374453508,0.11535769622617,0.269192116057066,0.14562921211928,0.204202479437748,0.27762000070018,0.352240832572683,0.573713034400266,1.3003960161549,0.100868678004673,0.0760254367264363,0.425788708830941,0.114851356969798,0.368972286506694,0.185762998817263,0.40039027364821,1.14213923850121,1.1319952190023,0.703216897444163,0.609932329682892,0.366285525897038,0.983730527615872,0.869016285211364,1.05019858063545,0.465180957957742,0.696162908480567,0.161966097338621,0.110913739895327
62,6.39075811821177,0.935609162447154,5.25411238649642,1.05222216801679,0.612702350342564,7.22821477977807,2.61337586289496,44.4485452037791,4.89999794873357,2.4741843353059,0.803677989439158,39.6936237532639,4.52908810743697,1.72269725640107,0.825153580308119,1.13781736774127,1.0892030616484,0.501778402859262,0.0614724018144595,0.103248306783841,0.108844015414869,0.172050574603172,0.259380895678441,0.407419509622345,0.36007467654587,0.567858989199103,0.708109183332493,1.44547123321722,2.18814424165401,0.148151205937855,0.0947526105613846,0.221133562957952,0.100009601785104,0.165788013223808,0.257747380019092,0.351668535112457,0.385753405484495,0.712194650004496,0.0340030932764097,0.0159273815163114,0.461800947854552,0.183144160819289,0.22621967496647,0.372234559699005,0.390636125773701,0.316311093638048,0.608775491338174,0.233000469900001,0.46713176286962,0.440209049834369,0.600417258139504,0.30424169478881,0.700905708983121,0.105649825112409,0.160726169476197,0.298970840834712,0.148483525810915
63,5.40257882839164,0.949464290579378,5.46790452057446,2.48407764182525,1.37393527707392,7.41922385274495,5.3382140884101,47.9730447019504,4.99268172765414,1.04017019837376,1.1259587298849,39.0704054796195,2.30280921181951,0.832124240338645,1.00710306800563,0.982836066144114,1.99636184453508,0.485900456227674,0.0850786615646892,0.142845294314641,0.129114433658457,0.147038215430382,0.294902653478276,0.479659089601974,0.391728520188412,0.57553113551603,0.831630348602029,1.31070574566477,1.03494997858808,0.166620287259433,0.110203453075991,0.21830011005753,0.0946420779706644,0.166308292090279,0.328535015844502,0.372476713114066,0.368220069037389,0.925264874334245,0.0280464854305596,0.0187220080855348,0.392371646395232,0.172644696339442,0.23966749726784,0.468288722789668,0.53813277878071,0.769249378058472,0.598122869271131,0.264199314013239,0.792640321557036,0.500457793453967,0.826456025286839,0.405702800011578,0.645425661523083,0.140071531523482,0.358619269349157,0.304336968980797,0.148937554916897
64,4.9608325717283,0.828575121741957,5.55268708424388,2.80608445322191,1.16362686105321,6.65993728027029,9.85899450448037,62.5553865361688,4.83499893232912,0.985916806061459,1.64615744221441,32.2298557221539,2.09279266758335,1.46355837039939,0.797615326622928,1.01094206547613,0.73198415667464,0.533104122233511,0.0813195272274875,0.144183987405016,0.137933535496752,0.187133682623256,0.225013270378897,0.503008473829503,0.417731570105723,0.636990557832411,0.792237711672073,1.22810660654447,1.22034960847191,0.179533068340635,0.115758129894157,0.216457868386759,0.100575965056757,0.164568700547408,0.304466435290928,0.320130767302598,0.334345518168738,0.859847195842414,0.0307680530860266,0.017071941536759,0.35500002688156,0.175603828401715,0.119156436566207,0.560431795968604,0.477311491742309,0.468369893881286,0.617045726200152,0.245690201824794,0.73007018611896,0.461701972324239,0.610678604077068,0.457544294212641,0.5411148878742,0.10676102218509,0.1344062830247,0.273367102191811,0.184621108639873
65,7.26804581053366,1.91602172525028,3.93412884328417,1.19458864669368,0.856377250025031,9.65147283423282,8.58739153353451,60.2884523420494,4.97816738272766,1.2799717910925,0.773402205811894,26.2490573506055,2.47257019635772,0.902812396492531,2.62603394857098,0.575627812056015,0.524306204759112,0.583430488912931,0.0860120518770225,0.14421777215978,0.140769575027898,0.259334870860985,0.229882420570485,0.655086611393105,0.40239474686546,0.662268681628655,0.733697347520694,0.65145041800951,1.63599022853337,0.166527450317851,0.111005019798159,0.200405121842684,0.102532023868715,0.155271111840288,0.28336568060252,0.257799091085072,0.253695570383995,0.772926902102635,0.0290313404519427,0.0167493347344346,0.215028251552296,0.140918748196445,0.10743227160861,0.566107527467991,0.235566710195329,0.328690430266142,0.651319067095399,0.24686033617175,0.802040530405423,0.384406600897716,0.57324122718423,0.607350189672367,0.36691375582806,0.0912513446011921,0.213674908139368,0.207686132906573,0.146473846262185
66,6.73603284312316,1.31348090632419,7.66032064414483,3.18442025383738,0.53692506519282,9.05158216992784,3.55145227506296,46.4140036393495,4.40026902242405,1.04537410972034,0.750938786444427,27.5394078671807,2.47628348249616,1.0743058504211,2.0237254516087,0.528002135673025,0.497623775680832,0.534061671483909,0.0868522506744921,0.175547647234156,0.0758531263567627,0.319046712453556,0.21019433209361,0.606811738610647,0.414165084012854,0.736944127324657,0.920009963735017,0.745925915965415,2.36363388749083,0.205258190638554,0.136083075957071,0.151387237182844,0.0828909911983183,0.117558796356254,0.236536637028469,0.216761002694749,0.224921273421816,0.835357706647403,0.0248871096675247,0.0166938303903062,0.164327085211191,0.13656353352129,0.111987112298182,0.763231486090957,0.385238051054462,0.342809918536726,0.530707157530823,0.109053844545384,0.357064972943261,0.274913899741915,1.63903993474257,0.348424748599781,0.564059090762365,0.0875411855762213,0.192282614503066,0.176881354100608,0.116113640993915
67,4.15019935960034,1.01392130873989,5.06448934911417,4.58455517713469,1.72794221194644,8.3330747458553,6.7882052950668,32.4731593768899,5.13943906411969,1.69829515237444,1.09191242297805,20.117519668,2.25005423388238,0.697275681582352,0.712947014820616,0.559348444791018,0.446685513865045,0.848455243316683,0.128001833092438,0.148872088582857,0.117096100065324,0.185501746248734,0.217452260283067,0.375253887728798,0.510835184592593,0.997169476634171,1.57328111024413,1.58394197569394,2.4020480977734,0.214604910571005,0.13544179944027,0.128273257964421,0.0701826784038173,0.135601742992066,0.237380552240965,0.169360136029055,0.176673390019336,0.491741061143531,0.0152809905914092,0.0203830242166043,0.293836308344414,0.152535119543063,0.104745506008234,0.544096554724725,0.405995577447252,0.29776141131273,0.249922659190498,0.152094355974113,0.981469682684448,0.753777912110825,1.49448342105956,0.476339842086927,0.507654936513711,0.212736642092623,0.131875869413971,0.226885777907382,0.061138250446308
68,5.50331040429529,1.49539137141458,3.22660307258515,2.1577732722788,0.996760554582922,5.16460637864639,4.21088333972169,18.3758770324446,2.74340633219221,2.55141725101359,1.14094580718651,23.4023485737616,4.84100256280759,1.55496940346917,1.51701975250078,1.1653448418229,1.07368685992146,0.592495968002487,0.0743271697997712,0.116368327320421,0.17018250855711,0.349894745760934,0.355963719348143,0.958486261351717,0.576788194734325,0.94946944354967,1.02248905968969,0.836200668982473,1.42646214235967,0.226585994101409,0.155861354431022,0.18301185620848,0.036909528457037,0.186493218176938,0.276971284323411,0.222337026256931,0.242575838393247,0.70813906621054,0.0327019090001811,0.0315438477676221,0.186070934243606,0.10637354939088,0.10564847286241,0.612510749940903,0.27101485425076,0.350226348845656,0.191878181298392,0.183809559802347,0.309598525281927,0.272074099285546,1.41964627752387,0.250678121823727,0.304712177704142,0.0817557371301306,0.185278574088906,0.199481646717713,0.127130358115162
69,4.06195649873798,0.72401747979755,2.77877738102514,1.37311512397163,1.67211108082398,7.01723163737597,7.27337655483093,34.9058704430048,4.86421236099808,1.33330521811495,0.817977382982736,26.1791038492675,2.63572943623213,0.85774196277403,1.49890652615777,0.786111851583787,0.629924904098339,0.498464809173189,0.0862334946080493,0.173922165180103,0.115138790318624,0.238461117264559,0.29509220273352,0.950527966582608,0.475278007996719,0.954042989230566,0.933121493802476,0.650079530325537,1.75837508174315,0.184335314798984,0.14958017108015,0.16785464209305,0.0688481757146152,0.193153455172298,0.274842209802779,0.212558297994034,0.203050106557079,0.659689503879412,0.00696111628408361,0.0117844443476323,0.208596507315515,0.143029178308666,0.128320519813364,0.581927582578872,0.516982735780737,0.211202852372932,0.31381487621931,0.133601288047625,0.368835894146417,0.531503633001479,0.574168590316948,0.245777906338201,0.211193816507668,0.147830997263136,0.253123111123257,0.159048436670699,0.091223911975681
70,4.73569233860703,1.20201392976129,2.9761574998585,0.951944360351613,0.539882354451883,2.73339583650074,7.09769348085245,30.3827745144104,3.99557028778728,1.91601043230516,1.05986542247126,20.2711585979708,3.07133309726778,1.00935677593609,1.40589762577103,0.67614224994749,0.603056238319486,0.378247160506052,0.0668891560200153,0.115773435202388,0.116005931558647,0.436630914107037,0.389829325295127,1.12186307633912,0.510325700061224,1.07764624371487,1.03227174673296,0.648852829611873,1.69094162899237,0.225672606580732,0.18713027857602,0.219624935853701,0.036854424375806,0.277772907302272,0.344598314744751,0.290224840286155,0.290393481828334,0.918112823632098,0.0434891100124593,0.0404696654540581,0.261139807144872,0.0652299533451856,0.236751338905821,0.194791111258387,0.320004263965391,0.393290043591024,0.200713700302515,0.225143294405851,0.676114821149566,0.865935105935007,1.52376808621449,0.155921090870808,0.230345842762885,0.274032418540046,0.365992073318615,0.0745599116126295,0.0390434750452432
71,5.10361480445206,0.663359522471726,1.95717661490737,0.692916765363762,0.717877613190892,5.39928869539955,2.40181301298872,29.1143613238957,4.19291638129496,1.05659257771855,0.904970973316251,16.3707311216506,2.51995218898213,1.35650631297243,1.55810904440677,0.41857174310824,0.576942468513312,0.51548093554784,0.0772087199528078,0.167018262399496,0.118550495960089,0.209053627115573,0.278705658882775,0.800125325712448,0.516442699592469,1.12023766041403,1.43119094441027,1.27805074385551,2.07025026276166,0.242880486151534,0.16607597602982,0.211992666484343,0.101964501226872,0.219842444975107,0.325707508482847,0.269959289744469,0.225274277204089,0.569647192806652,0.0137418984911834,0.012591198605819,0.370353713294931,0.130339723891718,0.206058065047616,0.333741009415518,0.193671779556895,0.457238914213382,0.333662489096459,0.0641106784040313,0.453527015540365,0.469067096977848,1.14770295953189,0.404065355255363,0.151262865734928,0.036891932322781,0.113095691446234,0.142945018635118,0.0769080338350932
72,4.25106791182922,0.902354766616479,2.18344052371841,1.12685926397837,1.28916938739782,3.41586322575897,5.24829254096112,26.1777560209568,3.04735017287914,1.06270196241311,0.778965193739286,23.2143531194063,4.46060481339352,1.56110872348363,0.942082832761986,0.779206261847393,0.605027978715613,0.672362156602576,0.10924875366218,0.234208450950342,0.129607398464389,0.182561197806996,0.254668622781431,0.878213009593855,0.467938003919671,0.904409939572588,1.14124374809874,0.939412798617737,2.32214950955286,0.232351281481557,0.155866300637728,0.183806077552964,0.0846876009241835,0.161628334379314,0.261246216735894,0.24495767037549,0.229718336222422,0.632663147983527,0.0122248681611017,0.0117806112535712,0.284325609310982,0.105146888570505,0.177807946069756,0.410358596065848,0.199993599541952,0.364985509219267,0.178805173813109,0.173103118108716,0.305920394716641,0.27590658391967,1.31133604924427,0.281313110974453,0.395657299262986,0.040942703457216,0.0887198174830542,0.139355002885919,0.0719229971862253
73,3.70302340489041,0.251008949001592,2.10559502268722,1.55791256969052,1.84476674432889,5.75630184923289,5.85568644197759,27.0674137366032,4.81237637801266,1.59875593908692,1.02200256356593,11.9826874378958,2.36129741891743,1.03889875631193,0.525272786771794,0.901537242724921,0.892151169767529,0.492424563144268,0.103518199507761,0.243613796142256,0.164617755710304,0.22945841586335,0.283034762892343,0.854970069826818,0.492722836067852,0.928582573772469,0.572298908699057,1.21389398963794,3.26079103440575,0.25546289844402,0.143153278690317,0.170466786300821,0.0810546147761556,0.140781507712231,0.251946060846673,0.273726775238409,0.227456009862134,0.631598553394326,0.0135176963814462,0.0140450205090043,0.213672195030999,0.130276836498335,0.137953046843305,0.468746311083657,0.183174707085477,0.202680111101579,0.300751127668965,0.222505702397088,0.593787297562384,0.289065666652366,1.08105032550562,0.29845286055574,0.389933409905373,0.0649418559565845,0.083464296655817,0.141230590489955,0.0617064305581969
74,3.77996208483366,0.326594127280271,1.92806732535442,1.23752584816368,1.02600035757883,6.33152575769202,5.71217347243874,28.799526986915,4.56942954483068,1.72946728490338,0.837147428479602,17.9473241740821,2.42291535467777,0.581083849704453,0.525978233425977,0.447890202771471,0.429000646184251,0.451638008068327,0.0773437297142836,0.193222951121055,0.111877348676988,0.172627235888149,0.23417367659198,0.706481987840714,0.472452703426811,0.804631975435601,0.519948501009275,1.0929764592753,3.17077313963767,0.269492691360617,0.163047108080285,0.165760642594679,0.0743494273325263,0.158624418178564,0.28439890582442,0.292304476267263,0.279171565382978,0.624823170723821,0.0131837805707251,0.014064986681085,0.425129690456391,0.102108939666783,0.147991793523583,0.425797468644861,0.150082877287061,0.236981186672995,0.224706960205261,0.184250833990337,0.27712225211065,0.262025970927465,1.49736847912784,0.143138350157305,0.354855484912012,0.0428279374928801,0.115066332835832,0.141685031315377,0.0675488196546575
75,5.6110914593,1.5075992008456,2.95466313034174,1.14784809680718,0.625735098475831,4.04403938742992,3.94045872857754,20.0033485174787,6.70718607244637,2.32064826013685,0.743956883708234,24.7718998677374,2.7175869153159,0.716086043215284,1.3353955382642,0.608792531579294,0.44763741140327,0.551731350183013,0.0755978512447618,0.126715509359422,0.0821181030791182,0.288106367002269,0.279590567511711,0.853155396288728,0.497039582960146,0.730176500182204,1.09527413137321,1.09293410327281,1.56323968694307,0.297063122828275,0.180921136668734,0.184624467776769,0.0828062439682267,0.159424679279547,0.261500731041016,0.300608009276475,0.311996612729299,0.823247006902382,0.035772848743784,0.0350298310959065,0.172507607996431,0.123398733312168,0.182023548867438,0.225915872629845,0.345904948907761,0.402819731584114,0.226164004781571,0.179751485845508,0.542131762289233,0.694628297371123,1.62593811185066,0.187562423238491,0.46470198012601,0.126928525641534,0.354420799866391,0.156961138668458,0.0330295548030763
76,4.4153808482788,0.919377421569082,2.06811077148571,0.729972651326878,0.553842378803946,2.85473971268979,5.68942195199137,27.5531677187676,4.31396392536207,1.35453767466338,0.839148942784873,12.2481378128877,1.91633222199969,0.536452738675141,1.43228848984715,0.475803081507738,0.901934101824525,0.536283860213602,0.0744523555317197,0.155023682434936,0.10731653639693,0.169190984962954,0.263355305977359,0.373880721979056,0.48275600469481,0.994815922265486,1.34640243434309,1.7011570151403,2.26801719709989,0.363001094790251,0.222881196876724,0.213814042268035,0.0954550913736931,0.144299148285475,0.290529555548471,0.393142294120607,0.321487888920491,0.537294808051024,0.0127155023597636,0.0126068420781836,0.201207080225906,0.124436183782645,0.145230313171371,0.136599772095088,0.229752963754768,0.236920243525652,0.303608609477434,0.104153131336288,0.619811013500357,0.471769860126054,1.2011706499367,0.338613702750199,0.447741849982691,0.0968928343853983,0.100824768135676,0.136092639063266,0.0568216082289459
77,3.48058133059995,0.33781298840774,1.93817144573168,1.22940511154445,0.905814839951383,5.88970977471164,6.17799097988017,27.9334338680935,4.62490367958844,0.549289730109086,0.885518978162686,13.909973487823,1.11453278207781,0.393010699362269,0.579659483152351,1.01581263935038,0.288856751663367,0.678537753719237,0.0861096307307272,0.144864898706684,0.0861986029632452,0.175858365210351,0.34338446484141,0.839500916703713,0.555870888489546,0.610648936542816,0.54386520033556,1.17398479698399,3.33821657062785,0.378114565711106,0.202711180814671,0.225581882643524,0.0957403406009579,0.141501047242047,0.240212794831516,0.42723589250883,0.421721131118369,0.629071383816139,0.0217558786013248,0.0157291456242016,0.236251192675586,0.138902845604198,0.136649269807827,0.332344009318799,0.124769774705762,0.50977471058395,0.372439461059744,0.220251545060881,0.611997411380685,0.163642899670495,0.984349168736685,0.45696902130425,0.179604241477797,0.0522919456305856,0.140820856284439,0.163949807107075,0.0755581744064041
78,4.23113964834377,0.965764878815161,2.15218837116555,1.965799389412,1.16115309269704,2.53797135527818,5.42856975587116,32.8743626567379,3.79009723679779,0.616707143022111,0.645858681564283,11.0297281010644,1.94487968452124,0.54265543648404,1.62699875217503,0.405971211386794,0.754383172885994,0.738111249766983,0.103978412976531,0.162535125634834,0.0986670755513148,0.219909982091611,0.322009091069203,0.874391634089882,0.559515524723336,0.694091142213267,1.05490862761317,0.668209748438074,2.59922848406917,0.412660901282702,0.208239457349076,0.227967558648762,0.112358496767702,0.125983258365614,0.222454856555924,0.423483171271636,0.465742479444996,0.726484344425856,0.0219790969633588,0.0166604609992451,0.285828587907296,0.13516537068918,0.0987180572485773,0.247113999289644,0.224434867968424,0.236525944218666,0.586852270970183,0.2541295747763,0.61446626377956,0.360605328148713,0.906389437781574,0.297402064145674,0.348437790863054,0.0670782916180603,0.0819212408795417,0.183230664129972,0.0829574037669637
79,4.54012584325145,1.10103114197221,2.30425213258891,1.31763593398115,0.769358592433421,6.72776693960201,4.56450871110602,35.0742158201815,3.86658741747021,0.45587660788995,0.627774486149459,10.8426009257351,0.866344792267057,0.357264604228787,1.76634336535108,0.357888046638593,0.712007355915636,0.698223673154951,0.0913572010603944,0.121171565172823,0.0795831058289281,0.155889858221293,0.30860090662745,0.681947292863676,0.473756486980277,0.664079961920046,0.998112641123108,1.1330590771183,1.04375039448948,0.304660282183784,0.171742258519779,0.200705547162625,0.110397003856675,0.120647151402996,0.242369489618559,0.500451550931676,0.540611560139935,0.615785854998632,0.0266305380396574,0.0172839589970064,0.342592736578373,0.142162235110835,0.1638801867299,0.47889361932962,0.183892021357234,0.465885274045535,0.492604282040141,0.191279147655938,0.573236539155701,0.323926972198512,0.765831373827185,0.221055466093903,0.401991052191937,0.104069300046774,0.215892452770718,0.224841522538348,0.103986043292338
80,4.62516148184096,1.26386810689378,3.09600390985346,1.17375586056629,1.53942045350331,4.71753824336953,3.70136880034667,24.8155994347367,2.50665185233732,1.36418061170686,0.883108499557329,17.3126608306713,3.86377693522761,1.1514127680321,2.16378281265462,0.451652278783869,0.268980591624324,0.702742341851377,0.0929661204949499,0.104027252484615,0.0974904877618992,0.255419633081052,0.240291006194021,0.58782020139638,0.366310674484848,0.666189387446647,0.949148233409575,1.27502815406463,1.87019152470904,0.242499929447543,0.126463905600833,0.159513293999932,0.108326919113688,0.105127536515416,0.246614360403938,0.529179585380972,0.626040358231452,0.75252230560288,0.0187809367248924,0.0203502362397375,0.273417550234886,0.156736524107282,0.115826677565801,0.252414174673878,0.448801166254324,0.580238997853825,0.330830434121611,0.27511433508715,0.431231229194253,0.276102116663529,0.609710590331483,0.259176924223728,0.278956846688789,0.0515632817549779,0.065831882746636,0.235095593311265,0.0999846672902593
81,4.36329196842497,1.13226593439149,3.97826132099357,1.72376135745571,2.11690738087244,6.07872968906671,5.36547347159733,32.0648167922579,2.47358385373156,1.04214559712525,1.49354565807591,13.2790213880969,2.92784115435703,1.07822955706984,1.94107635100552,0.826135251986899,0.542784718919479,0.697867155725201,0.0833985511924374,0.0865021479871509,0.0528789519446599,0.393316265273311,0.170000270434755,0.584909046731139,0.416585047137629,0.669583196341176,0.931675281240123,0.976604167322984,1.81768454504741,0.195891168756306,0.105486582745876,0.16140176963201,0.0744954051667833,0.114333965729737,0.26542880065225,0.587002800287298,0.506859788188189,0.83699764177709,0.0352373987708226,0.0309313198925223,0.379834520885378,0.146948206276426,0.220872447002585,0.333944081023519,0.712004405957736,0.501790595428803,0.849013911908558,0.393406881926568,0.45572698289641,0.259272209838697,0.607200983885208,0.338855467863661,0.361473409060364,0.034912061436703,0.0695870765590784,0.206476957330939,0.100464701525955
82,4.47374928388435,0.943011015102166,2.17396551295473,0.997524814797357,0.885960329576672,6.68381770445164,4.82752078830564,28.3528259894299,3.2623123969371,0.532222960160463,0.549122796993272,10.3659395957108,0.731782914825441,0.788931511504631,0.838033370988428,0.300832155712104,0.348075090628543,0.760817094464872,0.0833387255246315,0.105596797431317,0.0790767561714501,0.190725311583888,0.26895394899975,0.662666706767993,0.357562565980658,0.515197412045643,0.680016745824262,0.388880391503248,1.31633521898444,0.177142095721952,0.0861293377871891,0.135394982773401,0.0784884813624653,0.0988798700782572,0.25911105168159,0.574942238029491,0.511243452676831,0.605289869956611,0.0264658225761196,0.0215856907178873,0.264483768094095,0.111779321383626,0.105151440581078,0.414910125186748,0.187879045388134,0.873412323753771,0.591353987243813,0.231128455732969,0.614454461117369,0.368146815180782,0.774644529502492,0.190751737935535,0.411382614934598,0.108258790092734,0.17164348199654,0.161016803670738,0.086487454363046
83,4.08653906040406,0.914262879263167,2.06513784139643,0.922733139709286,0.878258534143358,5.58956910769235,5.37666627444201,29.8724864317689,4.11804531282926,0.4437232119411,0.724989960367187,11.0106742885176,0.848176267026434,0.336976810363116,0.809869228597832,0.317926549103626,0.394300055956275,0.669187866010426,0.101006551702863,0.150921095420296,0.116522547991291,0.207831508927927,0.300877221058044,0.69821061406257,0.369105405355027,0.456653434423011,0.819915398166077,0.52992337562186,1.70009964665344,0.178281886526682,0.0819771837438128,0.12848509426252,0.0746593812427969,0.100121851877802,0.270359117800719,0.585144513432673,0.653185486048944,0.710503297546061,0.0309845208953868,0.019093677572168,0.246060447437848,0.104661310204581,0.108933400913739,0.494924615585851,0.248481918561057,0.745078706548078,0.732791655974408,0.221542253243189,0.485344929775617,0.398946845349055,1.09972818163434,0.269151434668713,0.236380936165327,0.152993778821315,0.220322777972678,0.195473484513453,0.13474379861614
84,4.43349769987474,1.37933437626125,2.84858446107014,1.03131802552249,1.36220277945262,5.68204662931806,3.55384049903436,22.9811831100473,2.44628421709765,1.83935837684422,0.705051572879648,17.3684536817734,2.79318951208725,0.786045778100186,1.36477176197706,0.416186123505518,0.345010675552786,0.742791203227225,0.121945914643593,0.189093477437235,0.13404676961107,0.223788473284928,0.385139409811142,0.802397896486406,0.362554900147608,0.550495119537124,0.901034019483646,1.17937144493982,2.15243619652731,0.197519969797358,0.0927679394712777,0.133957160272587,0.0887475659633281,0.106657763564006,0.255304613694722,0.507628177713593,0.567562114406745,0.517335898195927,0.0240710897012703,0.0191397137089411,0.202012561084354,0.100895272395305,0.0836580882293102,0.191613200319405,0.344317691074595,0.497016684563158,0.535741910562895,0.369545317037585,0.496943795043247,0.680275079078889,1.31215499814375,0.505284318047435,0.344283850175722,0.0742885988047841,0.16458989389808,0.179143921987683,0.123047834875421
85,4.52182002460301,1.36086015302139,2.72448195600497,1.2434234903091,0.868207630899754,7.74520675951661,4.90339917180887,34.2954905503012,3.41796568380681,2.03222470124478,0.740628598396401,19.4566088174183,2.82029542434545,0.88498809206449,1.36684847839729,0.456023435693567,0.32598646622924,0.583805989318171,0.102694380567381,0.20221251348058,0.137024537681437,0.279295581424595,0.388534385318867,0.910449270029384,0.382263226370969,0.551445092943362,0.664047398994892,1.78008206231568,2.7286384466255,0.201704390616348,0.107364207583588,0.169025734665214,0.0957069369224281,0.0880098658371909,0.227397279187412,0.464949452865951,0.581699868950362,0.353903880741729,0.0142028014308627,0.0184678196563697,0.174871027960294,0.124686541557142,0.128061248759618,0.26997617286365,0.402249289540245,0.59096909433752,0.36090201709197,0.210139346125285,0.594381895897583,0.654221666565189,1.44109229778088,0.438889282742684,0.348196496144416,0.0405684289122551,0.0966662296398592,0.179057917558964,0.131986664515824
86,4.17732060509529,0.849725773754254,2.0177454811984,1.08863665484476,1.53735058147692,8.18463274911212,4.08691616765066,37.4073800225778,3.99223054531169,1.16275644081224,0.552322350024051,11.0108199486974,1.30935298963946,0.393982550950184,0.77606956090251,0.364023164916306,0.416579275403535,0.69903473542684,0.113535031632469,0.229490227251386,0.169229294058182,0.196688642062313,0.52725894059422,1.12736146912459,0.449416067739895,0.768588901397547,1.20698314699055,1.42551774341093,1.19111810095651,0.183622550161811,0.107236353209881,0.146256922576753,0.0811681517106471,0.0995379948485952,0.208519092380333,0.349112136020744,0.467183797316373,0.519091129537018,0.021765044907908,0.012969279322793,0.256777595149534,0.0924775437058745,0.0816325014330471,0.297795821385925,0.144000836347506,0.368031625346552,0.665997248859277,0.182953457803215,0.428169838709024,0.368237971577925,0.994123272354219,0.379375780302602,0.395120577735481,0.0905779893861989,0.171301004658515,0.156877135495962,0.126108762258746
87,4.64956149047412,0.865342528686806,2.00493201886475,1.38253390720021,2.67919929285386,8.25750089842365,2.5959543210717,33.877829704839,4.00109971165782,1.21408042629135,0.619964811367204,11.4129235674896,1.56678630291677,0.805724092636675,0.713504942832676,0.409898136997943,0.481393915421827,0.711861145630992,0.0978868248845421,0.174207881416901,0.154095765059122,0.273034563075547,0.423515575052015,1.04442420131841,0.374301256082665,0.783330442529092,0.998259814343676,1.72651297238067,2.99985486954036,0.156357875772576,0.114476169335319,0.169675814039691,0.0945628494593914,0.0924799882001351,0.18434855900955,0.256638191046836,0.38451464088938,0.524550537413634,0.0213968414768444,0.00799748198479848,0.187437360471752,0.0851494280450653,0.0919502779524267,0.303954871907189,0.151938785832185,0.716330294997648,0.789934935711202,0.194097991763806,0.228240809383045,0.192522396739085,0.951278391475524,0.403106299196781,0.180337068318397,0.127939872166624,0.207981223268997,0.109066733691896,0.0954040751676603
88,4.83654074325219,0.782320110212733,1.99793202338026,2.0482259905679,1.75165638941412,3.7927842787173,7.00347334150306,38.5907272291615,4.27319009362238,0.730003322815639,1.28671871442859,15.5744685023554,0.84684703811138,0.825426970677413,0.839819319866169,0.414596329565837,0.82782692928665,0.747499381319877,0.121820004056251,0.22554245887918,0.184800760682989,0.229435947214266,0.375069736211412,0.773839909945704,0.368184197791595,0.560573772387632,1.02668461355251,0.787974825167524,3.14215340881757,0.156535229821475,0.145788126263487,0.244023582441661,0.0982540991080184,0.109807677814453,0.17848904222492,0.273223711433102,0.365842556295662,0.470900535955578,0.028972823260812,0.010012334339593,0.244778992213799,0.0990296878672371,0.0883688996312671,0.381434758940005,0.191529717734273,0.768770323499892,0.700864451658229,0.117363600953099,0.323291819817005,0.280229001374516,1.01357896079957,0.410370842439549,0.342656909747979,0.13266241879062,0.0808269302221268,0.116349947846363,0.0976267366300784
89,3.74011771786574,0.826064826674792,2.51581579593284,1.17356612839983,0.862025691460202,7.14211680644479,2.96194972187233,32.8641662024592,3.92199596451302,1.82189907503064,0.535399944084035,19.736045887453,2.33666239620164,0.669175446016409,0.984140776686565,0.603746974199887,0.467188640847233,0.799510696479545,0.109972495545918,0.271059408910618,0.215724456455313,0.26567400670793,0.437264308621541,0.752778227946939,0.351214507654807,0.596240927573294,1.11355185122009,1.23690936326231,1.00234314758919,0.138803697896816,0.124626607146125,0.220357581796607,0.066548424462038,0.13618992796305,0.177458489156066,0.224917786160211,0.317990938696643,0.302309073381652,0.0327632396598402,0.0193103801807628,0.311529254593801,0.0417631392418569,0.212904789492854,0.410631559599518,0.376076103931018,1.05684601205391,0.847936163474252,0.187830175297342,0.328812560094085,0.42996978764174,0.616103779596436,0.198443783770794,0.409504977344017,0.169998956547046,0.329035590440401,0.135789366524712,0.0958258501714025
90,4.28206779491865,0.58026025755362,3.05040780667611,2.43951445606649,1.65598383080191,6.43037670989383,5.02650595387897,29.0634355866696,6.83455482034169,0.904411878555888,0.624839913767693,11.525389156101,2.42706141314216,1.83852395678615,2.01922993646215,0.517747838340806,0.614067455649085,0.711325650333034,0.144250692414337,0.135266298233084,0.187647991327856,0.238110657672708,0.347855314448379,0.625224070735696,0.315921541417883,0.597626676412147,0.887378860010795,1.42500917255441,2.11700505938129,0.130083711842768,0.107517332413051,0.162445013677676,0.0743645951457922,0.102722429467546,0.141568766199391,0.180591615412324,0.250968514321407,0.628497815989867,0.0213347928166398,0.0133220838125152,0.233946498843383,0.0657423765042947,0.161507038082814,0.424735819149482,0.376316347512828,0.678454446717819,0.829928649298282,0.201758280811856,0.267514061337332,0.366319149258714,1.05393981549891,0.346204933047257,0.319018981732424,0.0964191179755019,0.188952223994109,0.128653945477186,0.0879449274255971
91,4.0717897058237,0.782774513046449,2.33418627854203,1.76554842068668,1.36406293987569,3.98514324921512,5.67385972805718,31.9759012041243,3.81842228977829,2.2308687282601,0.60520186615719,18.958258307271,4.60937035857177,0.915097063734794,1.00410371518358,0.62406021288534,0.518802149364962,0.71155359874538,0.0986437239427012,0.168504821544287,0.155847476806549,0.206851656424361,0.316536478617598,0.612194707588246,0.311778633793622,0.676108623860754,0.960580785670012,2.02762685898528,3.00972246015645,0.151375968530912,0.11088956669723,0.158694208780569,0.0782685713950854,0.110460477485411,0.149653441793893,0.198956952900934,0.243059699167647,0.444348294711387,0.0194819949568016,0.0106120308943655,0.277485648308219,0.0691403791803451,0.190772280347346,0.274266795852909,0.137624186770586,0.771325518100467,0.752808690392932,0.117567486636871,0.281379431608007,0.285682007406676,0.662215915736843,0.521695360362642,0.393331671606275,0.164274097054866,0.101058856019884,0.150661908746486,0.0853069102152545
92,4.90676723763726,1.55981033126617,3.46038498629717,1.31868707202192,1.50519040123236,3.04696024364846,3.58678210316099,29.5466087522424,10.4636230538403,1.34385648675548,0.970890457571649,17.7269521814376,3.90941765676575,1.61700046455982,2.17241890134835,0.3340399788997,0.729889840850481,0.6008139125609,0.0664811611560446,0.0852657444458279,0.078956153303444,0.483018653192294,0.236034865158204,0.375949159431592,0.276305392915182,0.592297621775932,1.089815549195,1.71254642134699,1.70987578022236,0.13703635307129,0.112005084190918,0.145614140535626,0.0869908175323261,0.101258838330054,0.162900500326392,0.23394217060906,0.278553379949369,0.770545911526385,0.0411024559113528,0.0308465559715065,0.277462435597679,0.0697322156580476,0.254002631800776,0.260829401608685,0.389446935764956,1.3934640204025,0.485199355424873,0.298484313381195,0.487977978645474,0.23315197520026,0.682945834133691,0.49159521556258,0.337642005712746,0.460667647835156,0.537260512126299,0.0988691119215658,0.0719173230177231
93,4.51616945285237,0.562976178277978,2.54288638026073,1.12081830351343,1.77147053001173,6.0486971056485,5.52388731799789,29.1623148086026,5.1352618613672,1.22114453766837,0.759891356162242,23.0850611823451,2.44615955805476,1.51479880792415,0.790106332286281,0.781653295428592,0.614156584021234,0.611333567836763,0.0715473659868332,0.103840396955943,0.113577139262527,0.182084554076753,0.274598905441313,0.406444118380437,0.226557773500491,0.518636097946236,0.911295677409085,1.09395110678074,3.70791258410938,0.106391179594678,0.104976891748396,0.146935437018436,0.0830093416342739,0.107199485624597,0.157154506527159,0.195565663086758,0.218680817840498,0.358164685573256,0.0183420913213992,0.0107852171213843,0.323927989522192,0.091165523353202,0.148180755297578,0.391717367607702,0.362229469289073,0.4940050672565,0.550168443187953,0.0910831898638645,0.30501520017825,0.409986025728139,0.724761313627387,0.599618646057492,0.447072416513956,0.1763189124635,0.126606079105196,0.172174833997506,0.0905469840167735
94,4.86767358627359,0.603976843104838,2.56958413290844,2.79189666804131,0.833775212313353,6.10374602178281,4.87436575348453,26.6992667222721,5.35080503440794,2.0161543766683,0.952590229374053,22.6032749047103,2.76130293536785,1.2034630048252,0.874786569346715,0.892055983288073,0.687985626780937,0.683709972690035,0.0844430418379068,0.128124343541359,0.131026023008623,0.207255707549048,0.262333266319622,0.371105289725809,0.209427700547953,0.524686837453972,0.930383812719994,2.02851327719139,1.66198383115731,0.102507015855866,0.0899254423173957,0.131667414962176,0.101401937647654,0.131780231400335,0.20208730585065,0.273571636410747,0.306454882330037,0.536578791742961,0.00986439130747693,0.0142615994740807,0.417658869386862,0.118007085196729,0.131322054906406,0.346038328823748,0.183217743597723,0.315975665704629,0.532013811343404,0.170891561658289,0.436488900739708,0.76640687865998,1.41719180127902,0.251329533442877,0.410726715253865,0.108176881749257,0.233081978039529,0.199897866670717,0.0811203510764888
95,4.58370175310821,0.89907701977663,5.01791610081209,2.58734153970184,1.40528671491146,5.56913889385421,3.73829725158784,24.7089549415883,4.10471990078328,0.848935444780519,1.85871819188367,22.6719113899528,1.3119256780917,0.437472599416009,0.986928812754876,0.604964978471919,0.448540092987589,0.69340707303433,0.135125216384246,0.0671737381446365,0.149702492907483,0.185209876939755,0.313137006895889,0.497254794010509,0.216877807810346,0.616253526105606,1.34074229399362,0.901756420220364,3.38003780110858,0.0948913950622677,0.0889362214565637,0.136343488300326,0.0894870690710551,0.176417737133173,0.232306491110083,0.300678535354622,0.286768149185164,0.493649410367521,0.0175390174136261,0.0164965931993288,0.471263753032539,0.129341195325866,0.281052491554078,0.409825890197704,0.306577182200718,0.735947893417256,0.51944863092274,0.135648800172942,0.609790948836871,0.533680114312855,1.12883005833842,0.599737610510485,0.451855239537546,0.157303172202778,0.287784505316546,0.225732808930821,0.0833581957732246
96,7.45977730507842,0.853231737600526,5.01692929781856,0.941809161779185,0.728213392470843,4.56082356156417,4.65367857543727,25.300949957125,12.3162121910019,2.30520636078958,2.98349616204833,16.9607015164469,4.32257253013345,1.87756432522546,2.72122397064927,0.777145237897221,1.37157926888415,0.704318745215695,0.110844884501137,0.0685318349448759,0.177500139913966,0.393403297177189,0.181036941476812,0.521933002646752,0.245091844409653,0.598825395775262,0.53281207849994,1.28285089651838,2.38279627055109,0.0808739691649228,0.0761824162594737,0.123533647786999,0.0873097448026032,0.141527575696212,0.176583588300849,0.243415663332227,0.304845613827445,0.458611758270003,0.0158974143594151,0.0220162833376291,0.362952713575858,0.0750419231921121,0.344227666044804,0.428919814669808,0.562113416716744,0.749092048942953,0.372839354555388,0.304447987361792,0.456839595527604,0.274144752266985,1.32427449404645,0.259973685270167,0.290034939732166,0.40485248887645,0.579003771449773,0.127469963806499,0.0896850842135593
97,4.92647637669901,0.773614458876827,3.49218752876886,2.30681327433884,1.19560771154598,4.11334779076465,2.34824626443705,24.6417773721021,5.00627535118784,2.0496658867938,0.83017395173668,26.3749499810932,2.51963792999466,0.563917300380046,0.582902096394132,1.00642556009663,0.676919597052223,0.53247638574398,0.100881223016989,0.14440213736589,0.131769103203355,0.156387276618739,0.281894803033258,0.623738936867908,0.315732799829314,0.612757798515842,1.2127611236071,1.08641283892693,1.33592817038193,0.0911807512694968,0.0775132569009161,0.12844091100076,0.0761225084982508,0.16156458306901,0.201898367316283,0.246879839570373,0.297761437082858,0.423746912419213,0.0258438377704506,0.0160321672560896,0.363402422773033,0.118630602239432,0.252202131418598,0.421728342296126,0.252482099015232,0.813479047871382,0.563888613164834,0.136184746342992,0.386975521972545,0.581610940383007,0.586969878241615,0.485110912718652,0.579412033351025,0.162000602155259,0.194413217856114,0.197626832722928,0.119386914781018
98,4.65693060792442,0.347932614557629,4.04111372530588,0.573300068826754,0.729275533647606,2.17116548893976,1.890982662397,14.7504899823236,8.25218108180433,1.07396073671764,0.74804740277161,25.4655527067228,2.29315973966276,0.528235450257214,0.703368409375621,0.860832163170791,0.590124236805237,0.548975607341384,0.0870142408707972,0.125710306745917,0.106848397878937,0.136332544310096,0.276428078661507,0.565371230232665,0.245324772753642,0.669996161558712,1.00794232301807,1.03595801057929,1.42628486131897,0.0725269833925791,0.0817471711475879,0.140540045309335,0.072429000898413,0.20061288451609,0.24365248441092,0.261667598078929,0.262246703968427,0.352842556700621,0.0246012720819536,0.0133713047946474,0.337273740331649,0.111829099382611,0.238441596600173,0.462067569026661,0.14809654360788,0.538837719709454,0.424389665307973,0.123451679628611,0.357428169762893,0.430542146864562,0.606886158487153,0.45072942950392,0.449851173808985,0.101736941993136,0.21033000568563,0.217371948691697,0.132507479308853
99,4.3908085199331,0.875631720859466,2.11332900859244,1.3288724428035,0.844607032050621,2.64690042389633,1.6292844362861,16.1757329480647,3.73807778171907,2.14872565712911,1.07705717761364,21.6853182662412,2.69400860633737,0.783862909497268,0.918691143454266,0.759824527243624,0.539719784371161,0.344966470480015,0.0819512893168393,0.118132850155886,0.107170924983354,0.131244153742212,0.231859510700451,0.437701286050739,0.227724445088674,0.515853442197621,0.838070169039254,1.20492551790325,0.946554173598689,0.0741504500247253,0.10530214821916,0.13478487835652,0.0688818342563902,0.155531082632785,0.260366859257334,0.272995022580406,0.237705375547666,0.173601877941653,0.0230530197315508,0.0145435784567816,0.294551130181524,0.094668630175925,0.119402139388274,0.531858387137506,0.252297028191671,0.391019201669299,0.222655271061943,0.167235766899008,0.379575928374014,0.354026569441605,1.42155875347434,0.176416324801995,0.353117901916037,0.0928097440243113,0.275250634261777,0.219214813087114,0.158496854472701
100,4.40654610675586,1.16938828352683,4.11464591216648,1.42767098964664,0.417018503645404,0.99152549298837,0.703812856635415,13.7291384346891,3.13879585509507,1.46080304501668,1.21926237788134,19.7993495847449,4.25664384389987,1.29493708098941,1.88332988772363,0.449988718850553,0.76710501145876,0.407956511552644,0.0788097091497718,0.0962564161588389,0.0791012521750518,0.32559920515822,0.363428204668334,0.358719613566295,0.219385434517648,0.493333676377818,0.965049133321349,0.879192381180445,1.07604292538339,0.0823617046619617,0.11304840690865,0.17494496497756,0.0721946001114018,0.122425639729805,0.470389210382078,0.402679821152698,0.340693047620428,0.594040987564768,0.0240284093548953,0.0161686946400996,0.240861312167213,0.0886497239827642,0.108935455879321,0.298836777894434,0.432055975346953,0.509226280127867,0.710363732171609,0.352440377099803,0.443303797114341,0.241973660653315,0.459724025018192,0.381131667803639,0.374755053994114,0.145916073669289,0.292610848718025,0.216899546724491,0.1609885022919
101,3.71638823952615,0.198611139653173,3.21784756443901,0.595373023726438,0.480792752121181,1.89684484990412,2.68510482818223,20.4522013795832,9.92595655086868,1.9193993508675,1.36856140299545,16.7457697800013,2.76460810553519,1.18404060479757,0.88401473866013,0.388690074132018,0.34230029779863,0.418887528746667,0.081271980912238,0.0924090290005868,0.101349124538426,0.152737141443438,0.309462511113813,0.625426526519602,0.342915153005293,0.541164215679822,0.609964245993541,0.710059024227046,1.47181884697071,0.104877774051721,0.0990000099994781,0.142586690573766,0.0593147627324021,0.182399826677748,0.362353881853352,0.302906124587382,0.227849222588191,0.317867514566464,0.0258342032591972,0.0165924956935473,0.273063416116917,0.12921434535369,0.216246330777917,0.263882001266784,0.280781047977,0.443567760067079,0.209801369760451,0.134041883919405,0.308692992871508,0.199686503054385,0.555033185927441,0.254943333742798,0.231628595678407,0.278647918052755,0.453977667002232,0.293030108269598,0.215283668753529
102,5.1688824729365,1.47819859258744,2.91902838293084,1.03028041066076,0.306690311204456,2.13441327951425,0.881277855788922,14.1076598508957,3.36944007954042,1.40781121138347,1.17697951530848,18.833926808649,4.5483670627505,1.25821465352423,2.38174164690845,0.418463416795759,0.905027855706469,0.540471981165405,0.0987089912086705,0.133289695262249,0.0821873930469066,0.371860965012335,0.173977010579198,0.687004260125873,0.427905468317714,0.516274283966479,0.770473487075861,0.740560475096665,1.01052342158305,0.135535351928359,0.128473601681117,0.157075793832984,0.0651365937559435,0.166677096348283,0.330866466956466,0.323700111388724,0.243339741554503,0.553556293996706,0.0400396939970642,0.022075512170869,0.461482693309422,0.135136728975723,0.178022804835273,0.297691879874111,0.430259649866547,0.568081817850087,0.320164613806142,0.222510738051882,0.401832081638377,0.183605830044581,0.471297912151832,0.417612795037176,0.516382820652299,0.194538768137262,0.36136696167473,0.307368816338659,0.267705566139742
103,3.70447227509561,0.249762909167331,3.46720261130214,1.17859183911882,0.705093432942827,2.9803357270451,1.48025206491379,17.5212134357729,3.52378867381568,1.09116389850282,0.980734129067885,21.6502657557638,4.13442218771775,0.80072290082921,1.26345919173369,0.497904416309989,0.434821937974229,0.412586429868653,0.10763477332805,0.175695221734518,0.120477382803452,0.136323349144816,0.344761993427215,0.648863806606316,0.464138834176442,0.558763546723974,0.681865316824247,0.737363762972167,0.732114787990544,0.144010733537437,0.120759849560467,0.156563995005655,0.0717977090278388,0.148285308271431,0.266844991058855,0.225455845503826,0.176169954501141,0.136526357973078,0.02831846097142,0.0110542816882149,0.427574921250474,0.144180592813216,0.28428926240017,0.480110471961988,0.284953719606811,0.400972899515314,0.360459351417445,0.122485764289797,0.285875062033283,0.374682648604054,0.458673854628228,0.31868991946271,0.501947324711015,0.134699994099899,0.132763567119152,0.236056872457776,0.260846389005709
104,4.01193977628869,0.952307289514353,2.34184345215012,0.793846725925904,0.372447598311205,3.69301690921375,3.2546541520884,24.1424820244287,3.69863131641336,2.2759817060361,0.912935116548518,19.486234240028,4.52831225868554,1.31598979025637,1.17329397457754,0.685985077891564,0.572913054790144,0.525792374063831,0.0959072225592017,0.166325164541683,0.114170944022547,0.0603957559905439,0.32124693847175,0.656265724668608,0.412551692524139,0.587455550722944,0.804565577063497,0.756407219216601,1.5209441505924,0.0958561707610349,0.118347667988221,0.15982595636416,0.0779054971695379,0.140314093879346,0.236107376133318,0.21306164301748,0.220800111696968,0.318734000566592,0.03781449941259,0.00953747146676946,0.382666494859555,0.125957256592937,0.323358923653413,0.353034305107137,0.182113605389087,0.382138545877924,0.376742407763131,0.125452417679828,0.303045205152989,0.243078560102474,0.570108403611593,0.610978064389922,0.688195968077768,0.0890189551740161,0.288889137425638,0.198276819408944,0.282015388501196
105,4.60037044947166,0.886869950968602,2.07503285770303,0.676133773084333,1.1100531908529,4.57206156887391,2.10096898651381,20.6374399641774,7.75787510839002,0.754612910760871,1.88200002262487,11.3108860414997,2.34776864550383,1.01205983536672,1.64854900278303,0.386273041810439,0.512907135290789,0.377915661547055,0.0706985715146638,0.119684726370148,0.0678384161466483,0.135741021767217,0.260386043425992,0.635818270871038,0.391760096639654,0.596370051780236,0.756674661563046,0.337916352182053,0.940896513231686,0.113330477508437,0.130299976194723,0.155355024309357,0.0527476963125617,0.139668612713622,0.235875779667186,0.222167220692442,0.252732749971521,0.381802157495216,0.0147520558629921,0.00394847849295296,0.163170956861884,0.115626481946522,0.213790951566303,0.191487270248752,0.306724284001129,0.374043156013934,0.69335715659742,0.229404976422787,0.292779289988491,0.451042618295604,1.11809750796795,0.207095109902413,0.559195930832416,0.179682233692521,0.286217682102885,0.13675817961051,0.177232545360734
106,4.678948578233,1.25689593891696,2.46688978342848,0.788617542182311,1.0079636952452,4.73501863917482,3.15092908085024,19.8420808611276,3.17276647671129,2.50961323640308,0.778795782436088,18.8966743603076,2.81736907549508,0.771933798461815,1.21961605123263,0.457075314503503,0.400749978718576,0.492737038804859,0.0679689105141783,0.107664529146535,0.0926098368823927,0.13503002140962,0.239740157609148,0.566123804040286,0.347293539136155,0.476892908683575,0.801958781794553,0.944477222468487,1.51467010298776,0.126476935271596,0.134469646610035,0.153348296775235,0.0569476901158267,0.166481653808726,0.287862689486298,0.239811463177182,0.263011302432277,0.408843990537381,0.030670888937715,0.00962627233546724,0.398521291034392,0.158702798132357,0.371610635128092,0.208126264350316,0.301060585847851,0.410883246308466,0.759536315224819,0.0902412280859022,0.444493014781287,0.391722206200346,1.77562194508642,0.438342056759394,0.536995807526508,0.0810338205167995,0.181218388784058,0.194457259961902,0.163919330108074
107,4.77751486175076,1.41154939059221,2.81961051619158,0.943319780509801,0.357970253781901,3.67712906781635,2.50269215387574,15.1229951478252,3.25521815189134,2.53270631146019,1.88955046389778,18.0100050619412,4.53943993370896,0.957041176880721,1.43727528446941,0.463921281490675,0.353310881410591,0.303450742914518,0.0515699615182239,0.0890481681944945,0.079354093226625,0.219583350453398,0.207136459372756,0.648259882988398,0.381775579980852,0.597074532096363,0.653773637633825,0.679502615514844,1.12789794088755,0.141274476058668,0.16353160688052,0.173573779729448,0.0726331955057716,0.206321147460539,0.369495646325949,0.282010969413289,0.31799519189123,0.270230159079096,0.0381407179450061,0.0114388963600089,0.405985292615976,0.0734104710039838,0.36127276652137,0.266679978041042,0.390881234368859,0.601258931286818,0.290703049357127,0.135791573156888,0.502970822628401,0.343060625230441,1.4653936757754,0.384207671376215,0.392851326879081,0.129860784070267,0.123821214298906,0.234816365131366,0.15439721989573
108,4.44785100853264,0.660056100202724,1.90334821601559,0.851440210471452,0.470133015886124,2.29516153314498,2.84490010830722,25.4280943806596,8.89325215119178,2.10352070356129,1.22871911171139,12.2918029319898,1.17459675105254,0.775615749814576,0.718150290797964,0.380756620298014,0.462728846826128,0.566508234831032,0.0713366706648502,0.103079194949168,0.099604782830876,0.120989632625859,0.227705921438694,0.509771885375621,0.320562516671741,0.432711796697642,0.43727537740677,0.349274280149157,1.01965139544419,0.134121453271375,0.168281128422789,0.15706653341247,0.0603279405973621,0.182556798854187,0.322064064022731,0.257211505973049,0.337892299956464,0.46049438153718,0.0378065744992261,0.00917968088357673,0.288554029436573,0.143214974104158,0.17915486549303,0.384135952257192,0.241048685103056,0.427454207359537,0.436281104105545,0.147956805540737,0.666621609210756,0.487509496947345,1.18660576174927,0.163227560965346,0.219994902429087,0.318245511545582,0.429028459789614,0.190074925926451,0.167964430184303
109,3.79767909184131,0.774005153891629,2.07791564053855,0.748563712044068,0.668117024756251,4.92370348097263,2.19861478318979,27.9620489142624,5.46154085379361,2.59809559490443,0.805056523147303,20.1125994974024,2.80975354163612,0.720145572142808,1.04624125886255,0.669800288074199,0.515209836930381,0.727226710134498,0.0522805410951936,0.0945789980437869,0.124912218462228,0.137912502790588,0.218603345636246,0.437987467282745,0.30081559482291,0.424407273630502,0.254735218506974,0.498983966704881,2.1519967978695,0.126476201054926,0.189072474938804,0.231392427555069,0.086863296887882,0.228958939962358,0.374130182783699,0.288539215527761,0.394365154606042,0.44735854949217,0.0456524817879947,0.0113610346317197,0.278882352307149,0.125086938494018,0.205902826179316,0.487686614324322,0.208763918632603,0.264143250714551,0.302075626160075,0.0629192580525155,0.488909578467364,1.0108849789799,1.40761230493337,0.289093989958435,0.230512523147716,0.173106441993321,0.189833395774096,0.182247035321526,0.163745797574258
110,4.28706538610304,1.03199195665981,4.20206455419623,1.22909753955729,0.383945014009378,3.27907977712051,2.39832610632848,15.6347945589177,9.0987957861639,1.92767420815579,0.78196035163054,16.2463517228677,3.60984158340395,1.37965000868956,2.47662602723579,0.356921287695593,0.923247992756026,0.47813373490451,0.0644115736940795,0.0909755145215428,0.0841630407653476,0.309578977442201,0.325608022979607,0.440233501034313,0.322177336168666,0.376663729686802,0.416198882151944,0.263061348345867,1.50649007625297,0.131012158406522,0.234038234580944,0.274945036457057,0.0919117731460604,0.29061499479552,0.424270918163214,0.331375157805945,0.403526082670714,0.75447392460929,0.0677093376852257,0.0231256941881176,0.113066828471313,0.141684724741093,0.192078077085404,0.292402747300184,0.451879987123366,0.475951973338839,0.596514528590252,0.359042727427509,0.500144603759685,0.525085424371178,0.589026003456849,0.387844034726649,0.460368105792897,0.181005524249191,0.335383941927918,0.242153364056939,0.17100195849524
111,4.0640851836011,0.878161192831709,2.11108787349112,0.508924322568951,0.312053789153533,3.16011895318774,1.57921524796883,20.064582332222,3.35890733037498,0.667208266885047,0.501154531102016,14.2120229257543,3.33490270172663,0.659185727497103,1.07635838705254,0.350011057889365,0.293616379487146,0.418258150341656,0.0454323094767319,0.0801446919125674,0.137803689332654,0.171314596528684,0.28316441341765,0.581084476938245,0.385565994196838,0.438913997373851,0.429341992832705,0.418774768616487,0.559838874045087,0.13637525223553,0.201982255491165,0.211385817617854,0.0768150128693137,0.227604588506807,0.299308754687321,0.337036482038566,0.428696213430897,0.566956867461083,0.0737361207192555,0.0119091072569222,0.201532815329883,0.145366828360269,0.236098265067317,0.363041905851398,0.247354351165584,0.250278709516343,0.353909453776268,0.0567834202354267,0.310816176209277,0.65382175149264,0.766145374260965,0.269519978107258,0.415071505377693,0.156165309510072,0.267561531798795,0.250148307818373,0.171508491599354
112,3.89765715730143,0.730840759078199,2.27190547966035,2.00121241588996,1.19591677829311,4.54849820434799,3.04186299028505,19.8825361824798,3.29026231703282,0.737058763257791,0.468024124024707,10.1017915063123,1.13155115040598,1.03891065769915,1.33770524455279,0.399385137165686,0.424842212998417,0.397293420459064,0.0551115448804794,0.101762151678637,0.0889304812160547,0.292210365832127,0.403935157452475,0.85996905426364,0.423919187478937,0.755936189321393,0.687911516067603,0.581293285383945,1.57693912735632,0.166636311338193,0.217499695788148,0.234543127995815,0.0882275365686553,0.21043183744487,0.297414150521241,0.367451323477619,0.471254895738627,0.79162517051419,0.072330357104849,0.0137374468625813,0.202151598811299,0.117201444323436,0.292396354530387,0.343852498664496,0.251763556379555,0.593483416561224,0.16145791760456,0.149123244814104,0.672908887611384,0.446495665465991,0.747489747367248,0.364035682061554,0.440750037384839,0.253550933221784,0.347796120297457,0.243114293450206,0.209804670868109
113,3.58257648257709,0.901937980372131,3.0676131298696,1.04864270269988,0.335067174957956,2.07826233157072,1.02672541641817,13.61123732166,5.93161200463996,0.917204535078138,1.21630242776886,9.52062835813383,1.34535420208803,0.743177891733948,1.34482432459658,0.379402739912865,0.620987319573876,0.413465521541001,0.050288897629932,0.101051136200428,0.120799984961179,0.18284955473643,0.205295041266537,0.700566085878506,0.407612317060303,0.706882908321016,0.72324105418938,0.567932839607038,1.31159240227774,0.152157667404228,0.181287638914064,0.201930237018026,0.071687008772209,0.172020034448431,0.285395730867635,0.335938679829763,0.525338203411173,0.831446984736378,0.105168096131112,0.0327158290921468,0.230091730928505,0.119041832711195,0.314869877326255,0.233849518258808,0.328822991722908,0.369100529985422,0.280132575726499,0.199725062125346,1.21576172161183,0.296055256396612,0.925581632952849,0.265428185432191,0.327060033344443,0.100860224996686,0.340131926656753,0.253749399157501,0.227139987375555
114,3.60726970866636,0.632937922010615,1.89684369404261,1.10049311700009,0.368573368058706,1.47890280046711,3.5691863342053,21.0208706913566,3.19910669938308,0.346793900430997,1.20462621208953,10.0497901496345,2.03380344087037,0.664727509365542,1.07703882847651,0.473503165388542,0.369064762766227,0.449697910014146,0.0713460331940036,0.107711767398567,0.0693977619642284,0.185755588820118,0.208490290741854,0.736989757613772,0.354786877476085,0.643893854579881,0.770522588122851,0.312282343239721,1.06307917935065,0.125768558516222,0.138303632116246,0.165887324524145,0.0794134578683703,0.154437646945645,0.240833028466718,0.267079590101128,0.491268995925989,0.753159174788035,0.0823532267902798,0.0158278570248738,0.246952730065269,0.123780066292806,0.354442948381251,0.242284814227289,0.253102676251389,0.287300107791606,0.479295339014286,0.243467127041364,1.0959102749496,0.602174314765506,0.804764742700409,0.281537339104949,0.271054808835093,0.119793078058119,0.111913796216067,0.248072197826924,0.154151327001462
115,2.90902424946547,0.553535234120003,1.69515106791252,0.430669226446055,0.432517526116123,1.73505331252107,2.34616923717666,28.9696908573723,4.05372167643966,0.87397866680453,1.51230633498925,11.3189518993564,2.1383589150176,0.722241461985747,0.599398153230191,1.12241810275016,0.364225380954785,0.476372063269207,0.0505495156599773,0.0985074149273046,0.102328687589278,0.142380127396815,0.273018464909943,0.741979145218838,0.402053125849316,0.618102856883814,0.63165128414403,0.439849254853573,0.816941748369186,0.166666270238037,0.144252099345936,0.142191936335589,0.0529358374059957,0.152447730463124,0.269921048906125,0.376514593271866,0.801774242864387,0.965522732018019,0.108521659884697,0.0180431464655565,0.246832990261163,0.134064380779475,0.365609596728428,0.511550167036375,0.224862222257561,0.591141208108625,0.520638580884166,0.119123782578336,1.22274035411343,0.649045204996881,0.875450553003418,0.27273302959658,0.149993334017339,0.165816962611919,0.285953488083121,0.229156618855793,0.213000666325696
116,3.06907575315493,0.330139160824229,1.81818498726529,0.791711111900792,0.61697861507512,2.40602163781604,4.37668522302743,25.1165586044361,10.6608184195149,0.704551445088462,1.37896796940695,11.2813171182394,1.65337087058872,0.600514612595112,0.886246628940998,0.413709052269271,0.300024235045957,0.426839527436502,0.0560199815901668,0.097071630974158,0.111664584365887,0.140413710598221,0.225568308981988,0.530858071089619,0.284177897747541,0.467993195540966,0.4789382011501,0.796278758376583,1.47311481250122,0.159452536145214,0.141032530439943,0.136108500310396,0.0554045634846154,0.105983655022402,0.216905597205042,0.342394447682643,0.734764309422134,0.777951448241578,0.0937092751919589,0.0158292718408595,0.36692768617293,0.0811225916232789,0.184909189572173,0.351064385792045,0.20540378810667,0.235305942365799,0.329202962460035,0.156091612285641,1.0953556761193,0.559798401957321,0.722365492611246,0.312823002626686,0.346938279407998,0.203677948864825,0.313863938352171,0.255626248239312,0.237569100378592
117,3.82904336414103,0.957235477004708,2.09021480450919,0.690049377728542,0.319680425026536,2.36257124659731,2.15039681212889,15.1369800033059,7.30328372230226,0.920675143743571,0.709672847445936,13.1344594764814,2.9302068757401,1.00965075990548,0.951360354709571,0.399756606248679,0.297125163824798,0.478640995846356,0.0575928651961153,0.105090698520624,0.116321538363637,0.156870380086983,0.243867660120328,0.502199548928467,0.277553145281039,0.547064553874655,0.601307691037884,0.573751225484314,1.02580780220282,0.195779258495792,0.175228889421912,0.183094175762521,0.080323475734345,0.13016975763506,0.227914883747079,0.308458473510387,0.595108862121382,0.545966586435952,0.0762919881665983,0.0141340897575091,0.212554010363588,0.136398221911873,0.221425260357728,0.305964002648146,0.281827481516669,0.334820848741618,0.427245521248583,0.0627803565313912,0.403698966419289,0.228481398594923,0.687680157609409,0.248344395435134,0.267164913393309,0.0742503765854833,0.328999828291344,0.255813633529773,0.262703304921083
118,4.12138771405532,0.68651943932844,2.47249061778949,0.612444946036533,0.342974161797903,1.41752155780315,2.2792382535818,21.8142786494584,4.25560648140503,0.796601014215577,0.555936054966441,13.110923176509,1.0348177857278,0.637928144915632,2.17654550004029,0.521900392792207,1.16991558855874,0.406657898429398,0.0567053326251389,0.08479119837489,0.0997475232391447,0.168990080624708,0.301286396434792,0.583051155427562,0.314320227720503,0.514197632077425,0.64447141751641,0.353255906572613,1.09871632313248,0.257340554908957,0.198644123049673,0.210202205532632,0.0880819258995367,0.152262228720161,0.279359722339737,0.294273808697469,0.596335193581804,0.63115589429652,0.07004116046301,0.0151327400471263,0.216843028507226,0.161680228706885,0.250217761124912,0.212455140491006,0.285062161960278,0.32329029825997,0.435635652701012,0.145531449431295,0.569730567930813,0.463468407096134,0.545289969247332,0.312042686022121,0.299869960165266,0.0664010795166053,0.305134181706515,0.298214502292236,0.263267186228502
119,4.30455974601945,0.65849194613229,2.82596117009531,0.738981964984529,0.458076859337013,1.98874111478674,3.50113711761691,26.0817856288898,5.02996509141491,1.08750012235408,0.848525960996042,12.0325165046041,3.0317297581796,1.29264534792236,2.40878400454441,0.557186392757658,1.24050307449856,0.246952373008367,0.0344836428981281,0.0968255293684089,0.120435020832084,0.177492212351036,0.207594328092611,0.461086421806768,0.287802088185341,1.01083764948188,1.21738191111857,1.1809153619531,2.53910256756486,0.22397210337526,0.196165903323676,0.235744729001606,0.0986191472128203,0.153931677074817,0.293148525982161,0.367882960551265,0.629162368943348,0.371748995047822,0.07386583456732,0.00689129826443297,0.163188143015005,0.109174831345826,0.1950823203208,0.395778207101296,0.550190097748579,0.649973431057666,0.427814920222826,0.177054444387859,0.424258102566276,0.230426030058631,0.447026493145994,0.528205819128412,0.513561025111166,0.170100365309947,0.137881830074421,0.294745777171504,0.276087821840425
120,4.34370795006654,0.784920970844978,2.9768688295545,1.00735932637186,0.357966009804281,1.80457523746468,2.43100522689102,31.8163674697392,4.059846765015,0.853494700910563,0.580145064698299,13.4604694763967,2.63127615377581,0.953964628092725,1.81740961652086,0.480622693083491,0.543554794100795,0.370914672503538,0.0449915422658962,0.0641573056683482,0.042545157109925,0.211152485434068,0.399193467886576,0.661017693550662,0.347403409605887,0.592084822744985,0.859919884812182,0.878919888948277,1.31526898384706,0.253144008041628,0.212386994761965,0.248320012867857,0.117572054212062,0.162519250444401,0.397497198187833,0.449763284205197,0.541724574932517,0.691202707472229,0.0334872581555442,0.00677945428943762,0.23229848266648,0.142344770253448,0.260191580075347,0.445680120697692,0.540581156569049,0.648626439252518,0.226756423113402,0.091773864389827,0.720544880905091,0.541528095447159,0.626860669578748,0.363297871765962,0.362791394361488,0.1156602984959,0.156880406173699,0.274920019176458,0.224352818279014
121,4.10568361015049,1.23408856314014,2.35492602846024,0.916875158244594,0.246298731517408,2.23236865892341,0.904711330998325,21.0003240610275,7.64609835749298,1.0692162924446,0.778120768805201,19.1827546252993,2.75201777586192,0.851695945866993,1.28395203452105,0.524127264260398,0.344305319175292,0.279694803652454,0.0469993859751905,0.0655343390944168,0.0679933115131461,0.148933525107829,0.247269920066079,0.580911099581473,0.281319124482867,0.666184977916149,0.897919597685372,0.796493716012019,1.81302851465326,0.195490047605532,0.172852391201925,0.179922238072157,0.0888773930869068,0.160460089932414,0.460045372030415,0.448369259609615,0.600164772996197,0.298479040218939,0.0786213002732565,0.0233234568230907,0.405858174172871,0.0849811793514421,0.352164375727946,0.261931066368114,0.476796324264898,0.532124934807528,0.327124211957322,0.192710340015414,0.471918001293521,0.342766301551892,0.963136331400599,0.323555389929504,0.131655246678695,0.220482964661147,0.348794798910649,0.381732328392656,0.289633432472439
122,3.60643879914727,0.519443435568932,2.14396078262017,0.800707607669793,0.559968603529478,2.0539704253017,3.25063447077824,25.3452782428224,4.9307785737731,1.3341785550406,1.05920411080598,11.4895741002862,1.36778793970632,0.868608442692875,2.26191316510084,0.491023013856066,0.557789782019908,0.207958124621479,0.0591841697093772,0.0358677982664433,0.0451251406502038,0.0993133916317161,0.203722649707253,0.524989629380771,0.236691375316283,1.1809210715585,1.51185369715663,1.31615840155124,2.44831580657967,0.149332407475178,0.112569915409512,0.146902655147392,0.0652502877622133,0.138018865806308,0.390121308083359,0.457609605134978,0.537433101072066,0.388267707423344,0.0347443181970449,0.00703976593020801,0.234908153422479,0.0755528640459589,0.246883768026389,0.376347798699927,0.552991211733128,0.596145380659382,0.360008807603416,0.188107334298175,0.414199243807187,0.24216598963411,0.501093058611141,0.518609347891338,0.441694819782605,0.141695047224507,0.0943882815217151,0.273642269575241,0.284340565756733
123,3.59073914926126,0.732566137440782,1.86616261220284,0.542670401462364,0.408278365091082,1.96215298952699,4.34636838785534,29.3097789265397,4.24607251153988,1.01856809315078,0.745356632187983,11.6043946890836,0.932547025501662,0.32373418714924,1.08178906582378,0.402113892656873,0.48724234085153,0.204018536579977,0.0392123462536381,0.0615559315444498,0.0605881481550516,0.139837799600991,0.306676192574213,0.580828695492077,0.240153862792703,0.787262827882249,0.717139681345632,1.00785226845888,1.44122325404485,0.097218500973034,0.0729728997278323,0.122789334283315,0.0629786971545868,0.131171729790001,0.347998226411949,0.438690084189596,0.515966267703455,0.633821443031804,0.0656427133520913,0.0111843343070064,0.322742136070516,0.163788506806543,0.222753655715959,0.336834739996489,0.220118541148786,0.464373383463959,0.376718703339474,0.173282773002967,0.931243627891115,0.664813006077368,0.67530708000639,0.212732259390615,0.137500714083246,0.126516139010793,0.192282950177173,0.325682536470789,0.308507467886746
124,3.4212816781325,0.808433266567062,1.95098666276537,0.510443194972303,0.324127830977711,1.62072786451949,3.67616304141788,25.429676273636,3.18015192996813,0.406792269614076,0.520393170301102,10.4097332208478,0.87280905758261,0.816431548951889,1.05034845361924,0.331353947584317,0.419180432431013,0.173868140496105,0.0319862266982959,0.0485200023605725,0.050174965912056,0.112539997717871,0.277247063721078,0.284890670770875,0.269497053370743,0.979485016496054,1.05072157719917,0.866540538971112,2.51394514115784,0.0987222829771389,0.0694618534147862,0.138332112511241,0.0588061508548776,0.147017666018667,0.352146737833667,0.349888670062839,0.404743267467763,0.493195990792782,0.0618763223328223,0.00927852794916069,0.318190758310974,0.174917133682949,0.266669689926028,0.370193102664669,0.234950406618727,0.209456768639765,0.292423817656427,0.138704877352892,0.721839907686198,0.695784057934739,0.679922495523516,0.506813949751018,0.423134139530524,0.0991177702920945,0.0809076609070903,0.335086231830775,0.315232948828767
125,3.07929027923454,0.399734210015384,1.76251755276124,0.588872907217405,0.496984809860414,1.97738110052678,4.11771269241819,25.8923108752764,4.39818385977473,1.12024417887488,0.671182103557323,10.8750907505412,1.15592788194841,0.733011318569976,0.481942467011613,0.234716115212191,0.333224619798032,0.150998190917164,0.0242468675642829,0.03456840344831,0.0548682221499381,0.175758934106804,0.376869397620871,0.606842969320697,0.290811813939932,0.818840737387351,0.778759752990897,0.372065377894419,1.8895609700434,0.0988659575179604,0.0832409818979109,0.141007568003166,0.0567088093112218,0.135501040363468,0.301323491212589,0.263702600090901,0.384364249347752,0.607014875463351,0.0483674204985014,0.00954329367117249,0.334823833442406,0.196551097328737,0.311309286180033,0.367217200187333,0.434704231207641,0.441126281293287,0.33635852349573,0.188875000201149,0.892798208548294,0.754774076458112,0.708155852137201,0.277175282067994,0.150230673876545,0.104892247865928,0.180858896857564,0.261228949370952,0.246691864505526
126,4.18540482121008,1.01528962731109,2.03677370524263,0.467987315295423,0.308873656583256,1.77060828772231,1.86670876617497,26.5638910386088,3.55897270557468,0.911907016361766,1.31864721238575,12.9633550792493,0.983922866656089,0.951322032706862,0.878600870055335,0.267483712479842,0.392904436546921,0.187288841972086,0.0279467547303494,0.0413514446095262,0.0422707679825502,0.16317392366765,0.370174720526702,0.530884637010158,0.218528177647228,0.730828357154376,0.802179468784956,0.626704101544992,1.30347337731471,0.101792709605488,0.0893572989925518,0.141258277538555,0.0563858152534775,0.102851222299713,0.230674026778627,0.228630870600415,0.369390685881835,0.628253859425145,0.0413883782161194,0.00928234919912411,0.419770232112121,0.236026080436096,0.405226073699674,0.454435135470924,0.559556276499954,0.52515842582427,0.275848801843021,0.202330711026216,1.01681664059895,0.665725488426195,0.758905488832557,0.345325144965345,0.235526666457654,0.0608019176166239,0.153138767968068,0.236390258805068,0.190792697984243
127,4.27485750613735,0.903361582680184,2.32527767747782,1.10958351894207,0.730070440068355,2.48902481781855,3.81658333953569,25.1566166973428,11.3149819570552,1.09598022920214,1.61494160127661,11.2499494805851,1.97504908703738,0.850126275602281,1.36812590689012,0.291227597157852,0.39695122206923,0.151798831001305,0.0290302716749264,0.0380055224450991,0.0609496944302166,0.0973919429294131,0.37892484358907,0.250910348969578,0.198933305232919,0.685074290441575,0.870686364662642,1.54251442303357,2.84349490939437,0.0996873509518072,0.0841054864796898,0.129332417631829,0.0500966744454514,0.10878611422103,0.254992568582526,0.242480137116441,0.383638472650871,0.687799766697872,0.0284721697695771,0.00393949803371418,0.263650413971213,0.21303287484755,0.295830623603701,0.198614455629159,0.436190345788216,0.420083953554528,0.608384815927707,0.34656712301308,0.564020417971126,0.554799397346182,0.559091581568167,0.450341591414242,0.295440621883894,0.0952759653180603,0.0789511012696743,0.28030323345275,0.214995162028575
128,4.46336067663352,0.797698016862562,1.96639399913936,0.538568658343226,0.491745018625398,1.92684564077647,4.05459685153563,23.8504529433637,4.27659455327188,1.25222407503675,2.02952091035143,10.9528407292226,2.89173960761617,0.506268486906197,0.874448332155961,0.267107617868786,0.364058689723645,0.277861931537276,0.0411826259212775,0.0580306551737784,0.0666910015572905,0.173752624556791,0.400977049073543,0.554063892091996,0.210982333022155,0.710644405386012,0.800284666102607,0.440070274975412,1.47028355028211,0.109165721969432,0.0790977440667642,0.11999451003465,0.0562791310514173,0.0847127845973583,0.226770317728182,0.221950249618799,0.328589357863002,0.626342445484677,0.0159796195890326,0.0220141832302999,0.579493546054482,0.271180875877833,0.390307505734708,0.384978178356452,0.405450905336744,0.637669392314239,0.441133913691212,0.120058116809817,0.946664121634862,0.714110820793771,0.852609894175422,0.46161374670702,0.305958239193009,0.0766232776754014,0.0850908295983826,0.259141935451877,0.193504485022826
129,4.38968785344792,1.01369239758246,3.23785989827648,0.567874809535352,0.65005040767664,2.23898438064565,2.30365180798109,15.8976026113269,6.97939769781672,1.2359379668153,1.78059022039451,11.319276296768,2.60152753210089,1.21114477354516,0.982661802096419,0.385714810981371,0.833431366593703,0.285702933799237,0.0345212146433798,0.0520377217382265,0.0628154001202917,0.186093995100957,0.433284449969847,0.570209221715397,0.184927943133178,0.834503742260259,1.08788309478623,0.999800267509876,2.36014966556414,0.105203895755028,0.0923525684172261,0.162155693907356,0.0825750581784765,0.0903292402102096,0.19736542415288,0.149211070543109,0.223532488304735,0.432676735017349,0.0313113945379723,0.00730442440248059,0.572477496567794,0.245490845760059,0.415171835398292,0.438372373142388,0.464591537292419,0.440731426449192,0.361592085224974,0.144679421478236,0.633167202070834,0.567559411362275,0.742007602867707,0.379150580780801,0.259538164221419,0.0427235286352471,0.129515956711947,0.21632371912522,0.182276217778609
130,4.42389803790965,0.531619614457181,2.97407483825309,0.793524250170948,0.632911627458854,3.95935247546117,3.97710470033796,25.2388867878828,5.58483203655294,0.806379278320615,1.17259394286171,12.4258197540343,3.57941553935099,1.70627627835598,2.68557569565832,0.646966921680831,1.15051418026704,0.199382780942756,0.0459728207086854,0.0251182484672389,0.0348598554994411,0.339944203135141,0.233881171782665,0.941916697527158,0.309189281238067,1.22449740202603,0.849661987003904,2.02054395979233,3.04493473568204,0.164543651844591,0.112250593273138,0.187027058041035,0.0378068238096763,0.147360025166152,0.234391290042609,0.214024252966248,0.259440370003055,0.443412818923482,0.0495234749126823,0.0293688668894,0.412300376847296,0.23239365126776,0.250283810200615,0.294312574058994,0.434617401619177,0.905919730222227,0.722707427557016,0.445723777255306,0.885041123958196,0.656725230429878,0.428463617736773,0.474578270277026,0.42762060456606,0.198368443010749,0.145092263228412,0.261244913937653,0.113274662306146
131,4.31825696236828,1.02815436788234,2.66377674221757,0.726629722394704,0.807594473206857,3.24576127301484,2.80665131248624,16.8241004328911,7.25368794325317,0.902933424554653,0.903210532158369,14.7304047845154,3.44483495833122,1.39348106098688,1.96059927573413,0.271648452397527,0.263945710169361,0.266153223719534,0.045091128083532,0.0509851461057845,0.047384178629078,0.282541412717876,0.256845200084927,0.711074118214291,0.271069811949708,1.06196542878355,1.46518108370181,1.42040041664313,2.33103459473094,0.13991331986047,0.0863194110603928,0.144874758989127,0.068245119154143,0.128469492684898,0.255048975403119,0.236204249491059,0.286205631323113,0.701121899042939,0.0178746986223377,0.00500239035162471,0.539315232179743,0.296842915610179,0.491909186657265,0.180410254786517,0.333132773817732,1.07209776775318,0.848555760935539,0.46269610056294,0.350625504152524,0.445566389696747,0.288215074261018,0.410798450289325,0.38495091634524,0.0680143718288773,0.0925793657399751,0.299946383393265,0.177310173818396
132,4.10191967391967,0.992337045755256,2.05687205417713,0.913824474066664,0.684622404822912,2.52060796947746,2.82025909262768,14.9955582788269,6.39909316408694,0.862246193133722,1.7223090960848,10.4251351385688,1.09562135604497,1.15240327553078,0.819749915148542,0.293040879314843,0.406877380982387,0.315315183018313,0.0549205429730463,0.0682746559928665,0.0769316692626272,0.188467120405962,0.389024104230495,0.78250941856643,0.358204493479107,1.25793214495753,1.8428965451948,1.72502132718895,2.01689472989051,0.132712822199132,0.0680461187395233,0.133259879077709,0.0635109082951626,0.148420807051192,0.238437002723045,0.20463586314209,0.263972647541355,0.417633590824111,0.0407809322075919,0.0118693888406723,0.561597579853433,0.317395519376806,0.48073190812709,0.287216289488657,0.219179496693185,0.824967684799647,0.751532502351271,0.199364235919159,0.489611570413301,0.394606164593847,0.607007148302391,0.428867910970014,0.36897432214979,0.0731413937091748,0.155654844293473,0.335112348258061,0.199652193809665
133,4.26164294891084,0.823479728287477,3.23851257412812,0.782348385687753,0.489705932890209,2.09503290722518,4.16449183851134,25.1785979707977,4.97200069379893,1.49526675650071,1.40602685997954,10.8971060050739,3.02130176343971,1.04687481340995,2.3599636257248,0.385005584471774,0.839426413285927,0.159716770500318,0.0461353621264363,0.0393847824956408,0.0548041587360326,0.330199559553025,0.195794648069269,0.449645549329793,0.370964152323121,1.43392041314269,1.96490007923742,1.83523379035884,2.29144794798504,0.158802478696042,0.0843989667345033,0.160189321864582,0.0751298445083568,0.149113388791229,0.256387830598827,0.201871009583179,0.302565966366619,0.683191190471055,0.0403339583683755,0.0149115357656666,0.60247557367421,0.362800709753706,0.256931963404078,0.3400432377078,0.505740928643678,0.656541720856918,0.322072432168556,0.148986819981463,0.356064220332556,0.190845346716559,0.484156783902607,0.604030662524185,0.627298637170508,0.147129131033772,0.113157941311099,0.314871778378967,0.188644054888254
134,3.45063026704261,0.281872890086396,3.60054385590929,2.30934708665249,1.27996942787156,3.99486616234941,5.18038721595904,24.8935475994649,11.6378667336098,1.07498141650817,1.95680417514177,11.0864464408989,1.86389983758765,1.15391126511637,1.86900981271952,0.260500363659211,0.362765693383391,0.20497143471312,0.090919193897294,0.067137499502572,0.0398135851897191,0.360843591765385,0.533555153692034,0.846695274129701,0.469196954694563,0.438955609626947,1.05193684983893,2.23427534898483,1.94097112943502,0.18328621548243,0.119422166363574,0.202836120179916,0.0463024395699753,0.201531565354042,0.321612523174002,0.24470162527886,0.324188272835674,0.819689330179211,0.0554184207267689,0.0330605450227807,0.479737582066269,0.413935586569226,0.476034634027988,0.365971947877324,0.526132690127275,0.750091882522682,0.374701002785499,0.166353722707152,0.43271637026941,0.233076706425779,0.583754695535613,0.555080893837857,0.479562910358243,0.108548449775038,0.206309141379844,0.338026789566167,0.151592489112487
135,4.34486131412932,0.719400189868029,3.01725706648515,0.645209063377158,0.422782356355682,2.04317385245244,4.39386535050659,23.863571206444,5.2150844474192,1.33076106516928,2.68787488042061,11.4377693128515,1.16797838633735,0.741740331858301,2.1949813620044,0.496379883440628,1.12502640454403,0.139853540128412,0.0682229654059858,0.119055772145654,0.099735879281283,0.324863387055751,0.231786068580322,0.988202726537565,0.478915965186711,1.00109331908021,1.40621287395061,1.36455523910504,2.10369599938173,0.238592335980768,0.114732408415626,0.204305104376939,0.0789107216423693,0.160689995284535,0.274539239645522,0.151224418432257,0.204258184282404,0.539016436020596,0.0174489738085816,0.0191893102615499,0.728223257673115,0.357773275457276,0.557736434873311,0.171146817348533,0.315937248951944,0.713981268189864,0.780051759302076,0.204724932338322,0.45446657108906,0.573411872908619,0.811021517668466,0.569970645649962,0.506013413959579,0.181988484701771,0.147842853668363,0.277654617169189,0.159742934831275
136,3.70342674072836,0.690062345585593,1.97501898720113,0.766580547075643,1.04344363934328,2.11348011311341,4.06259958672735,23.1511783421561,5.867442029547,1.84225937474488,1.47131955035201,17.9746336670064,3.11941367170538,1.13675381438316,1.16969996002972,0.530867117410763,0.481290579288262,0.157898194607477,0.0553601398705469,0.133103063319826,0.120279535230661,0.446042177087662,0.299568223282037,1.03791895724893,0.393325106100236,1.07650812929546,1.55448043769095,1.7371408454764,2.77974884239764,0.248700390616659,0.0873140455490562,0.176378852153434,0.0703062429485249,0.211328020678161,0.317579229707665,0.178325970159402,0.19323058238836,0.316184979182842,0.0287615392868182,0.013096810349604,0.690304334365106,0.30521979241356,0.273884646923722,0.289968885582929,0.437997464480206,0.725034730115695,0.693357100520354,0.34595601558411,0.587736223522639,0.453832360534556,1.18162980110913,0.637527836528314,0.554905918890965,0.166900764856216,0.127932836900983,0.27752554740944,0.115831778538312
137,4.15219543729323,1.11710545942621,2.35235532299279,0.791218646436237,0.601865567726629,2.66008576592355,2.17814644395307,16.0343400720493,9.91056262974822,1.54035033997133,0.944674044042297,13.6053116627785,3.50004522883819,1.34558870570829,1.48215662271045,0.209019953912052,0.373316444039739,0.190756108742109,0.084844059964318,0.115830926401652,0.122852429600179,0.381991634731412,0.538985683841112,0.760191768757308,0.387779065736268,0.681905114396386,1.16678659653116,1.50322991306436,2.25288722140435,0.221241325409155,0.134577643409441,0.172831962261274,0.0540234434746096,0.213371837617631,0.240887803391341,0.11888740395042,0.193929141772894,0.646107739987282,0.0358721861441601,0.00639708338080905,0.574612545843707,0.249380394014963,0.508898542777879,0.183974988837413,0.353947486515642,0.50986274229886,0.6936328393977,0.0903338733716522,0.743113589555282,0.33164402819946,0.408331035129101,0.486045418150609,0.415982931824315,0.119850482688853,0.276050023583961,0.207309006997556,0.134159617399421
138,3.83804509015636,0.337030564448964,2.26514393504719,1.31075536988795,1.37247775738976,4.23190701738184,3.50539291946601,23.9703528466248,5.46996652345738,1.27336223707232,0.8425958026023,10.9166769592423,2.43223549904773,1.15705606040459,1.34821956571257,0.294267074328073,0.496090632421573,0.26988122498326,0.124592721431281,0.189213403690707,0.202875076219542,0.498064964794406,0.608969825319046,0.987806101912361,0.461785420781358,0.840789303682491,0.728705344991788,2.29201444342351,2.72204959770399,0.186005594058727,0.167013674475494,0.189995526980128,0.0547457244879386,0.217671327019956,0.254417308257011,0.156706796003155,0.178271333967051,0.616070508948999,0.036312019141393,0.0120915031301907,0.551277042789354,0.223227702600957,0.451432129218298,0.16712855332525,0.250138156694354,0.403515858344509,0.757668700096958,0.214552283932721,0.601403473649654,0.483410949504024,0.298272261565914,0.565327509344035,0.49739262434959,0.250101650950881,0.159277428869589,0.165307184743497,0.119088185030938
139,4.43160526239944,1.26042513325266,5.05633142698274,1.47984627000761,0.541892191078454,2.4527167163676,4.00510614423012,21.6632561230102,4.08123442037492,1.04917227127369,0.973032162534054,15.3212439712569,3.95669001037256,1.5635815921592,1.98214252544412,0.217971880625426,1.05858772487803,0.247700886476388,0.0985065568155426,0.159919825511237,0.146304485595581,0.476726816957648,0.31820455640356,0.878633293086297,0.436086341428004,0.726688275300592,1.09926121604891,0.764978037079136,2.97421174461467,0.219730619372092,0.175067340710651,0.19660012872034,0.0595233998995792,0.184461767147485,0.22984125167296,0.171014480136459,0.171552466786053,0.65876835051275,0.0154300711464424,0.00451216066145423,0.627962695994525,0.26818912712955,0.450040487201739,0.292821410864106,0.481022756758909,0.631236180863969,0.271092893005028,0.151561497500372,0.360217196592479,0.192903441394662,0.350551725759307,0.633067542019205,0.533671092819035,0.150492623648509,0.339101016874283,0.255023204621705,0.125488033511474
140,3.41768189175292,0.451007261383554,2.34958887342818,1.47636377260433,1.83513384318535,5.84020432980605,4.12010658574921,23.917639611947,5.15202104019803,1.08641760274461,0.710885572701987,12.049813869535,2.19508590935248,1.25077065124124,1.08202003636739,0.604627729675967,1.12582878999029,0.352185996305459,0.0873003398727432,0.136437070933046,0.130045359738209,0.293872168201331,0.320613653081047,0.777101746267887,0.468222028974591,0.696713427543378,0.550084025457648,1.02282529322045,3.03638129778926,0.23640038557992,0.173667330335461,0.212918856269393,0.0670643701998092,0.234639691950696,0.241385882193245,0.182694013551426,0.231049815593228,0.630514815736065,0.0201533654118649,0.00419746352889443,0.460821596460606,0.198118706453853,0.418810758140439,0.409348807912366,0.250681094095151,1.09458342296992,0.829654876523955,0.16388383843203,0.515402880006895,0.363702602674959,0.580569008674608,0.687843593016383,0.552152847075702,0.19458563076744,0.375783744201326,0.221187640201816,0.1070655667052
141,4.22788460951173,0.634874914402754,3.69708954263623,0.956736341824916,1.43314762939467,4.98696094774172,3.58506889616545,19.9087875719405,4.22238843486937,1.05412104518004,1.75172248788331,19.4273555701681,2.58214112599893,0.786685507462962,0.754563861664394,1.0935390989898,0.612635324800274,0.408407111531767,0.0810068540250336,0.123907112274639,0.118555181575443,0.201198279220783,0.287919866071819,0.766863021539563,0.45013554589581,0.78077885604082,1.02962004746734,0.539188749166219,2.36130927836348,0.232751321227014,0.156495593129471,0.206060015661997,0.0622815572656768,0.251817912381066,0.275440825410893,0.17218708710691,0.207836241361596,0.532429408114153,0.0205964541238196,0.00954591248930558,0.476867820528504,0.198617161323564,0.374810794129001,0.534965928545916,0.441290700985497,1.21626804303515,1.0613219399373,0.152812318770788,0.306168762919064,0.238300065742218,0.354929881530173,0.654507063690389,0.46021185896694,0.138846533362399,0.286797213701709,0.257781287248097,0.113047736695361
142,3.5522556033053,0.709387294376955,2.8492313403963,3.48374817303194,1.63971527490137,6.29975584306895,4.31958860627816,24.744745547287,5.35787791893392,0.451184969000961,0.772859337389954,11.6042500380003,2.62693249347996,1.67712390232453,1.4719463123736,0.671150056812872,1.11528583194193,0.272157531446472,0.065351271053457,0.0857349467460497,0.0956579912697671,0.166780071232904,0.221345897887418,0.59642930950908,0.375710067438487,0.97613964841693,0.77380929386986,1.91016947271142,2.95351955285637,0.190645598230074,0.169855188491307,0.219635763518256,0.0695400915775413,0.247628357150748,0.25671875051823,0.19806865552324,0.243936051166495,0.414621820575785,0.0322795553786049,0.00482555273191671,0.426030448164948,0.217950037099141,0.298134055768342,0.476990934723128,0.199920021540233,1.35530583835396,0.824968217224053,0.152988761286492,0.502923193267188,0.278244472145159,0.482849782498726,0.746204045828118,0.534414703976318,0.222552215094676,0.139282518873523,0.253687749728185,0.120757378712099
143,3.24334435495687,0.235429108110225,4.22823413196356,1.97427389139176,0.989071161947497,4.6713482560238,2.14713020857262,15.2822544991319,6.28241703001766,0.61982424967856,0.977054606179773,10.3479424108156,1.07406228555065,1.66935356545255,1.54332204171831,0.289060776643628,0.392846184820702,0.372026300913095,0.071872487462788,0.107978362551583,0.100980747145882,0.169105153266861,0.216170098063726,0.737734433928441,0.33919632236448,0.729839865788474,0.983141139615796,0.894175537921109,1.5819501463379,0.193131007589708,0.168157353961533,0.201526271751319,0.0673562027016889,0.238304097478894,0.277358776692417,0.201417601468111,0.246265005791746,0.443600387319623,0.0307782971541916,0.00726582345901151,0.39788286698466,0.209450888651357,0.312738219679279,0.441187720372899,0.167171667811096,1.21529031852871,0.717530561092357,0.130538938409806,0.399979683879749,0.305562228112066,0.512659619721041,0.552964127923072,0.325066591637107,0.0832605300368317,0.222758036935145,0.25086864518325,0.121388651702937
144,4.38180293591532,1.22944366380327,2.67268844310921,1.10324126340999,0.845857838356759,6.42372833945143,4.36005106961688,24.0018369537142,4.76443452826852,0.942766957143142,0.646760580675877,10.9409592923744,2.25792607446925,0.774703905096459,1.8295649030224,0.305110587029107,0.983355230605906,0.453210882097816,0.0817349348606346,0.105946765696502,0.0823752674792743,0.173038204943642,0.17760098172957,0.780952496709718,0.353702755338455,0.684368673200719,0.391949148395469,0.787565383353307,2.75740518261364,0.195942606686849,0.129778928425886,0.16418248463154,0.0720261888146395,0.193518959063206,0.230953661971221,0.213498160948082,0.263151788707462,0.482782683406089,0.0270110380266672,0.00634448925494549,0.416516234869376,0.2185392886676,0.25993775261862,0.312871957164443,0.182006630529067,1.24575127255148,0.859287363946655,0.175967336034564,0.49821990210611,0.379920695051453,0.707839640495191,0.416088844836937,0.160414020934709,0.100914708153173,0.213067619500779,0.277821724431968,0.119499650414975
145,4.92726170158616,1.02601452624905,2.47570469377446,1.0662096868654,0.955965353054311,6.30922620864845,4.20603326511638,24.0574365750901,5.14804196886681,0.795738243965025,1.38230534082325,16.968627104533,1.86358153204449,0.774609367329199,1.09749046015708,0.338711264830662,0.489191912900828,0.497610036431417,0.100519394959268,0.104804283345007,0.0917087055302603,0.128290580873796,0.229560373432813,0.643429106988628,0.324859911375882,0.695423066207025,0.384776306532679,0.788282247213041,2.80938796751934,0.166980660153981,0.0969894351724927,0.120663310708304,0.0572246904695994,0.148124641827135,0.226926626412158,0.251976934196506,0.305980111860563,0.448913529164234,0.0466667106369792,0.0247954160853614,0.476373027745667,0.240855730308542,0.42167252236648,0.551308664532213,0.221750927781872,1.11434730723156,0.583028537122527,0.0451557646776496,0.365499116823037,0.280016465659626,0.336051982840231,1.24072311772519,0.284059366795399,0.0676750780228807,0.229085426359217,0.351573421087706,0.140335117757512
146,4.69890472391423,1.1615597406693,2.387411604126,2.25919244596997,1.22924283703102,5.19079049011005,2.2763867539269,14.0698953690638,7.5967776822298,0.724706102280402,0.697382208427878,10.7930760866043,1.78286637068423,1.3496252217296,1.66356853807751,0.408014290387009,0.502744065512766,0.55886897761459,0.0957071211269555,0.103353149789785,0.0914616437188686,0.0742372061277047,0.250777471642392,0.735586550868244,0.328332217383877,0.642842444087661,0.780521501444833,0.928731976039709,2.33759657615649,0.14611724146961,0.102936366019151,0.118402109693156,0.0657615337974405,0.161886939890439,0.231502403384942,0.231810457445729,0.26094156000378,0.477482636343817,0.0286819965143481,0.0114698619598379,0.421762159497028,0.241584468337094,0.305824853569673,0.561996246664191,0.394803326570646,1.16770644622046,0.707583406477819,0.186798665550417,0.465500341435058,0.33922691300692,0.618337484918939,0.910504822490985,0.535133072591835,0.125793216078871,0.149252587208299,0.319442851670808,0.106576619878359
147,3.62310527742336,0.297445264647573,4.78414877468547,1.70721562607772,1.2051644755401,3.59334092928128,3.47224271923781,13.0757988705516,7.34739594694094,0.430366757488614,0.595608993079612,10.585502084407,1.42072842184884,0.999955367501476,0.469498789550037,0.678690026918188,0.428290535676345,0.605013041557335,0.128795440259687,0.148147758821754,0.116227327577227,0.183514614116185,0.343665456243921,0.859899464680907,0.38479881922659,0.551453510828096,0.648643158070889,0.698569205829288,1.56591898323796,0.129731069652703,0.10471298335638,0.127517845538489,0.065842955917178,0.199316009765234,0.292640142607103,0.247120856958358,0.204082795902686,0.459768777887347,0.0140782540292943,0.0108329778575819,0.406630034891941,0.234295207681872,0.276009258153936,0.540135594212667,0.374348555465372,0.977295569049108,0.637606161638415,0.125259576377735,0.282772333117857,0.30784439954452,0.529245780540288,0.966850321499765,0.631669134146329,0.177510234897092,0.161004002156391,0.293284414077012,0.0813558471889837
148,3.15740185593842,0.782656500452007,2.60390508901621,3.12002337183939,1.55434683247951,5.11761603127011,2.368928709812,16.8855628595669,4.3277852377928,0.63518055739816,0.773660304365052,8.99219677774751,1.30752634844965,0.584095199314723,0.830247293911575,0.253287511675961,0.288446862977281,0.595294410572926,0.12519402528468,0.150546447535638,0.104329654567707,0.215953998925708,0.440749836382878,0.740100360091001,0.336335527183624,0.389272294856126,0.675453660639531,0.416271623819381,1.21797608838607,0.111949986023534,0.0937140845012213,0.107896317923997,0.0530257933460531,0.175177869843047,0.284378398979655,0.281150622735903,0.231261927586109,0.546690859075445,0.0130309327191394,0.00587277581936652,0.381891129124045,0.229133891072942,0.162188231114501,0.599503442385727,0.202856383303055,0.969432338437787,0.745168034830873,0.209649422103095,0.205464333235662,0.173701262298782,0.35201462453775,0.979399804695689,0.573809572909755,0.161014425867259,0.29919812809608,0.254981423150669,0.0706984413500309
149,3.14637964715874,0.720927340616947,2.87292638329422,2.1411083820902,1.04520224069548,4.26724803987708,1.44671692491042,12.8864559658754,6.91964004180003,0.328990750780804,1.54090970554774,10.3186639958243,0.654025920055643,0.940132418654699,0.486162334983421,0.269941497444784,0.333791584258869,0.688981495133701,0.0918994547138743,0.143299890047728,0.128831809753447,0.22380631425459,0.466760622614546,0.75407829509764,0.346802794006636,0.534959065673842,0.548154635036472,0.713800200571666,2.10423007867737,0.114911842855891,0.106473937319747,0.134998972183959,0.0627946346467706,0.16005040354653,0.237348698855325,0.195924032294007,0.172667521876576,0.4670055425122,0.0173275964674088,0.0110086384165641,0.558925392491536,0.166707004523156,0.343878381874399,0.561657408694146,0.381752141874886,0.862233138163458,0.799140239987756,0.125407941855194,0.35067184444441,0.277077492850325,0.482523213377941,0.915043143116549,0.455130619932317,0.143580971289625,0.236352478506048,0.205800854782503,0.0563129011150309
150,3.96474203524186,1.26275077353582,4.94572535070646,1.43877473538127,0.459914085945651,4.65660235164802,3.94498189682337,14.1115537710032,2.58601447678596,0.95281232953216,0.8869418872615,11.8404103889706,2.9257839160739,1.55978291043943,2.02090262567508,0.217917312714045,0.704554226422044,0.542213921013118,0.0823159518587664,0.156209897474748,0.0688247363516387,0.307332378120553,0.309728235668053,0.655068407894163,0.229551829058083,0.600727959988428,0.493494364151899,0.918154577502346,2.98587766128506,0.0946862134622113,0.089970766425575,0.124943706634181,0.0720145154952594,0.134528861614313,0.205113104218925,0.186346601648051,0.209950422324307,0.539705347203523,0.024095554455536,0.0142352126822687,0.407985520503617,0.171816020756227,0.168771246237929,0.299670608646307,0.468454179388474,0.632942734421769,0.299161600108154,0.176658312237576,0.313882212389199,0.129846955099408,0.323766838792168,0.817670727297248,0.504185406093822,0.115878338839332,0.203764967137926,0.1915660225514,0.051310192108253
151,3.32481876530711,0.57706967598227,2.43229085948903,2.16679794927288,0.902284224630236,2.61836660468315,5.91377499997908,22.3562559536628,9.17052749695649,0.723040231548479,1.21940301843025,10.3089544506928,1.68165302862589,0.568289223230743,0.745946914299207,0.230043085782895,0.273737735837513,0.529007725772844,0.0725553281947163,0.14993161140427,0.129597276968171,0.200514801980016,0.422946681028407,0.939713579129339,0.270832382543808,0.701744161031285,0.542945846282969,0.472984408259369,1.68950639054322,0.108608727664703,0.102831479823805,0.125662159842973,0.0736732881371475,0.14549820865173,0.220952730514688,0.182846558715841,0.195745627889867,0.493508166114535,0.0169325383497204,0.00747173160900361,0.239631793864532,0.141277153830241,0.20999249349554,0.418903820929512,0.191735660037852,0.944071606044629,0.775789880802356,0.0665981973239105,0.199447783104905,0.14153119730572,0.393760699131732,0.297290836199544,0.27987148797074,0.369179763795221,0.461395080330781,0.185110299448898,0.0577947903298023
152,4.68145156139687,1.25674365493764,2.81728412995258,1.51699418487414,1.0311805198394,6.76667995253515,4.52865025232267,22.4654974361596,4.9891147783518,0.560046120954017,0.989212630565696,10.4903777218317,1.07107166751374,1.15993674723607,0.928611123645682,0.239925940074075,0.335651153102706,0.528207459844054,0.0760312590766938,0.145895867577791,0.115013269715824,0.214224878199102,0.412666017417042,0.860277607792763,0.3680834624738,1.05962409396689,0.678854426977985,1.40968354756105,2.54905929268702,0.14088034121404,0.114082183131662,0.117274758191497,0.0716100847944198,0.159666868692339,0.227592710582085,0.206183170753163,0.251665305901102,0.56246077549849,0.0154956759766239,0.009342449985156,0.501367358067047,0.167521241002387,0.218083454904824,0.449960904365093,0.27207363116184,0.647815851724865,0.558008574849258,0.154341041510183,0.4693667697807,0.147146145156799,0.26223752507405,0.659556931924303,0.539556177456652,0.199712955092335,0.295309641071027,0.215053962891731,0.0712854365764045
153,4.53619123430519,1.3826686635782,5.80933638143492,1.54631363715218,0.421110090362801,4.85921610332576,3.02794495584964,15.8017298840056,7.5936507836949,1.34253653841007,1.08152080022979,13.1426001972278,3.53348541068739,1.11903584502914,2.4410647042302,0.254220468869226,0.540534067454269,0.519562427262827,0.0662462162611292,0.121530179933414,0.106655467527345,0.180439047768121,0.451959169946004,1.09460988092397,0.277968702168644,0.751601056696931,0.817150540398021,0.569742447184563,1.84321194451002,0.129057405686802,0.0984895504918377,0.119800921666199,0.0687964811104701,0.148001273543753,0.179387470711172,0.214124841216221,0.27095484970707,0.261153134385034,0.0265864927530723,0.010554044071313,0.644011507929581,0.235133430794081,0.205144138924841,0.302864717220592,0.518959417294197,0.615321328489756,0.220722173334339,0.136043898730772,0.422535269405191,0.20192459513092,0.394281113301526,0.402632987532384,0.331388183767474,0.0890902898997339,0.19418779783994,0.352161660822372,0.134027759797651
154,3.92673981090559,1.23564456768522,2.47387372104576,0.987661169467512,0.619371800233795,5.02062156283313,3.95621797781673,20.6635047342202,7.31823143263805,0.570814957262078,0.92783250119532,9.61954910371486,1.22890286898142,0.559149747361499,0.993994111414143,0.193097757127389,0.25797860635597,0.64302173992995,0.0594325282168656,0.0929345147155562,0.0793952417189179,0.154169021984895,0.287560603771363,1.01642107251352,0.262395875143565,0.861132412450611,0.872362755116475,0.847578312800538,2.14820215995239,0.104674691960014,0.0858127086298221,0.110857983979712,0.0543095033475304,0.14856879603379,0.172328393491188,0.211817818529225,0.266081475450498,0.45981881888863,0.0278098052636565,0.0112530902219628,0.738633239665863,0.271498543506894,0.239448655370382,0.436131967834848,0.176235351349915,0.531297609629667,0.296164268973952,0.0967851430267038,0.14304916495684,0.107988876679288,0.278076864098231,0.325608389175781,0.175367900077986,0.122835178246866,0.211160349623333,0.361970463532457,0.122602216072802
155,3.0536847044291,0.55379898263488,2.71658688769621,1.39997349853832,1.31093914231655,5.93581358671866,5.64707436230057,27.1119664014556,4.60339253940601,0.855883330389151,0.777964508483567,10.2413375748447,0.906627324984846,0.482685029555998,0.561490384426097,0.208084314128253,0.308735569914596,0.602435480181764,0.0538919452892002,0.0849464440750012,0.0837581120387571,0.189756274977776,0.429812731212806,0.85981383648798,0.22538857808221,0.862521711703684,1.05970080585539,0.477559305097217,1.64729442161702,0.129076730441938,0.0976561792113985,0.115146029865674,0.0539102204477392,0.149143173645116,0.224504410064838,0.366528780531967,0.354013168489793,0.371278695469208,0.0330236411510578,0.0138509983823044,0.713913745336639,0.280431256130068,0.251751647612206,0.434462974229827,0.237050017422979,0.624225011023036,0.338220693557473,0.159279829128969,0.399110919202294,0.350492433772936,0.467011460618734,0.294596690408645,0.257775389649213,0.211722674375403,0.220264006289985,0.379294623882743,0.125243118189006
156,4.21579128583415,1.10720916737459,2.67489297138046,3.0221897909651,0.564839388790379,6.11122401156106,2.45142581459768,28.3297750289224,4.28772659105236,0.662444074447398,1.5437929564625,10.7696613349106,0.955143416590207,0.991360027248477,0.748751891685937,0.314663758861703,0.474083847184093,0.670573532594329,0.0507061031962077,0.0716136370926734,0.0678340428140363,0.139630522829039,0.415777201219447,0.612762062872783,0.237067686752637,0.780678895394528,1.0718839473906,0.90963765060297,2.22426270858305,0.131576166450708,0.100270731563217,0.106397354800488,0.0545783117566905,0.162483093218238,0.223154926576568,0.392132760248138,0.3826146286451,0.587592312744877,0.0415620634053808,0.0147941777108656,0.668324314523003,0.276619407007589,0.322532230872543,0.505482382105826,0.24663829140771,0.726662027387455,0.395051965951401,0.122830502838393,0.384180128117206,0.279798334825121,0.386543633869786,0.360246222946297,0.55038600755994,0.15445996614031,0.20401987626563,0.3965054899169,0.145712668514399
157,4.468383247025,1.02861745917017,2.49110188813512,2.36802669024212,0.414895050558274,2.6139825260556,5.33473643721917,25.9341827828272,4.64507843932686,0.375199837464832,0.706007729906125,10.7764552182617,1.47163741677048,0.968142676260237,0.74144817608379,0.302974035362734,0.483164708887139,0.574074628485632,0.062346379825342,0.080264088882215,0.0784078298640166,0.268904333217925,0.392536670929814,0.881810481596577,0.159736468680915,0.851053963195327,1.09622472634265,1.01981601591302,2.20007013909055,0.0960118119978139,0.0927740374304248,0.0875080258595779,0.0429734622558257,0.126040764009437,0.168203034248888,0.327694532368827,0.398191148006895,0.339783615147058,0.0493035455383971,0.0151427025960374,0.701539443508901,0.243641305279699,0.20684364586067,0.627256077240082,0.363757322006612,0.751749082393481,0.594212469262559,0.261024849603771,0.438155850346095,0.270160653816501,0.390144592375476,0.654271057916185,0.663225284375036,0.160218163194751,0.160755537898457,0.412435848939217,0.175455536209054
158,4.72388593437886,0.910830949445033,2.89212106368445,1.38281946141753,1.39418150384341,6.05201607346691,6.51144358148334,25.5378724990845,4.49764265428643,0.536927797030859,0.680072590174375,10.0607104536622,0.761088998200714,0.948712534658183,1.63163399515027,0.261804519562159,0.403756376489128,0.814559920872052,0.083180277227627,0.111876466542972,0.103696735725998,0.222756357269907,0.483227119946078,0.839023835154476,0.267549701714134,0.743484616256928,0.823059068807777,0.547278707476065,1.76868516151997,0.13637568878806,0.130685321615417,0.12225836185413,0.0702442960397106,0.19986321791663,0.238602096691241,0.367809660970809,0.420909141309704,0.792518771985556,0.0565943893021748,0.0172850346081722,0.650475438159363,0.257102600468844,0.162468657210711,0.64603897774157,0.19009405922114,0.273756627792331,0.436255520732048,0.173789039396408,0.267221057208639,0.235733874708523,0.189081930528415,0.480577783661043,0.170150272185231,0.126668646130474,0.265955668037673,0.40704665985076,0.180010380599761
159,4.58866854352077,0.957060286082352,2.65923959178765,1.4912362048565,1.3917344673248,6.38826466140764,5.89813769093563,22.0881616919548,3.96364466414326,0.579120424592515,1.48705801386189,9.76831007538211,1.16067332748547,0.450053135540812,0.883348551479598,0.273079076604592,0.346763769818896,0.730701839727167,0.0954962709534131,0.123525731532738,0.12473485716811,0.269034144282954,0.336741158259245,1.32178372248106,0.2800425814946,1.04400066308679,1.21918338047799,1.35865469897866,2.72633595646712,0.150591752330123,0.127193642072502,0.112034939136701,0.0664910894287762,0.179110937620268,0.224550914690788,0.337547397940158,0.433686733607669,0.883715462545789,0.0673977100196541,0.00631269666581131,0.721695438816684,0.264161575719085,0.16708554931685,0.694327573353117,0.423934526860933,0.516992570209901,0.449738077443834,0.0848143154947705,0.373062869791626,0.280054753884844,0.266752443896303,0.603303401916954,0.237988206130581,0.0967364753726395,0.138521405438011,0.458702235190349,0.206064236517117
160,4.17589205082469,1.16283187558761,2.45141714410786,1.61673051224888,1.46748512113289,6.71050027259729,6.20514070349195,24.8719717172369,5.17956668513141,0.435746178917973,0.923704104907221,10.7240231499229,0.962091048431139,0.510366653231179,0.988446353699822,0.309984145322335,0.435076187247111,0.615808837770904,0.106506107328091,0.135764978389737,0.122322505456113,0.223741278096532,0.526718089545733,0.485391268588147,0.30868949168711,1.27347273495743,1.29264065815517,1.36524406155307,2.82562145643032,0.152107115631095,0.123056207287201,0.127216928156968,0.0808678808097611,0.178694874465001,0.231212933765416,0.356201987767155,0.395474205673412,0.736006415670404,0.068852901928998,0.0160975476520179,0.953673919968931,0.292533384609797,0.242374424143873,0.555781729280719,0.212111809767765,0.276294211903126,0.388249590270027,0.163238202551053,0.27884402571969,0.329888601780695,0.517202683145905,0.41665471407025,0.210320202004021,0.0617893808779468,0.138354181435352,0.518332349351987,0.244563308617943
161,3.88650949273877,0.999051312772869,2.4381108311544,1.75691595142698,1.49502718706249,6.55732190725041,6.35295322237506,25.5130683833203,5.18594897242987,1.07891135730517,1.14336771572564,10.3079587689803,1.43553335854834,0.927000132534107,1.32267789988484,0.328686067088523,0.351374923362308,0.490600688752104,0.104101274469137,0.160546690511404,0.108255539222053,0.163183623487343,0.430201285339409,1.47224891199661,0.336320325774854,1.35627727754682,1.41526452277281,1.34534067003881,2.52918518236075,0.180160073906653,0.152525536684124,0.148630551522736,0.068707819721005,0.177331648800902,0.163641654472133,0.265713546014991,0.423889443994141,0.451850936774285,0.0735134511466088,0.012370146670691,0.427839228841416,0.248054829103567,0.328056647521276,0.382920874287385,0.566342309327727,0.583904812640994,0.357932301150314,0.332227532350538,0.584353337479547,0.427161486518605,0.437046645574583,0.602179414021871,0.244074962726591,0.12511805942728,0.121923942592451,0.409667468635427,0.236754833457684
162,3.16654851697791,0.304618629517118,2.11555281977139,1.49077785854715,0.87799968579765,5.49194484759079,5.28159505348729,23.6083421396405,5.09909563821823,0.620204513741399,0.989534012913192,11.1550509350657,2.00926758295953,0.622999022440503,0.943658772786529,0.341366373890917,0.372173773641101,0.51368117338089,0.103525773090356,0.165026266408896,0.0820650510663428,0.444830659091793,0.822254422551421,1.15737030462495,0.362688242148931,0.929971175888809,0.658641050292497,1.41212736690577,2.39867664940599,0.171477099188154,0.123535059281767,0.146573285592236,0.044972161604442,0.163415345153633,0.224485407090664,0.280846962765365,0.447307371237169,1.01568960094151,0.0898372306287477,0.0143830545617404,0.721059291349073,0.254627762630184,0.188219041696673,0.913000279479616,0.196363911562519,0.278928464570861,0.502608399755111,0.255316145826934,0.242917413291355,0.224932639519455,0.259972766194979,0.444796208527096,0.347772916616669,0.201774885301096,0.128022387055102,0.370429826503289,0.235775462459364
163,4.43735524059314,1.30801551633406,4.67397075439514,1.62489331120455,0.357879214367268,3.43416912205464,4.35073183617739,15.1664004141323,6.71466331555611,1.28767125632752,0.924357518149133,15.7368527201301,3.05727751693528,1.55180733230418,1.75240080192739,0.37624671514913,0.419813968705852,0.538797681367248,0.105153847986409,0.170752126275933,0.0979229309974132,0.415918658434373,0.533212641551488,0.770215906750269,0.288035785100514,0.806910264269502,0.835497269410936,0.94949395917175,1.43098256760735,0.126804231978785,0.0923207903181632,0.129254122064646,0.0708141351952824,0.148434086098571,0.330904430377911,0.375067809583602,0.647780445378733,1.22204522939851,0.064065104555567,0.0112443108482774,0.628058792681425,0.230334641885588,0.229855107548194,0.423901844039223,0.515154942170361,0.530840417461215,0.741888105200667,0.479491549690544,0.380168010282575,0.172012740709949,0.437359549367788,0.388856328677173,0.321199507476933,0.156412006200524,0.308222988105644,0.371159962545966,0.290236585069998
164,4.2699834015189,1.47913171819583,2.78016775290433,0.700979949198965,0.328343080657069,2.48061752925203,2.72594610918613,19.1137586251534,3.53322398378552,0.863177834624667,0.59434441108502,14.8154872911391,1.31325912780744,1.25218518458903,1.07899562027435,0.803841953211217,0.939155864968552,0.474292814308697,0.0885399734006658,0.13243287231965,0.170947998232138,0.319725379011257,0.489311421371332,0.700878057077773,0.294573010554547,0.89397301699259,1.23733354761669,0.502740890054919,2.03043840686589,0.107167931901999,0.10891710075696,0.136312774698742,0.064308033949361,0.228000815070385,0.302332100768617,0.385079043228308,0.621914626444866,0.971326306386337,0.112060925951713,0.00972109768899404,0.744041077155534,0.26726543343251,0.308449303780629,0.961087780765072,0.269963441422784,1.03020895173992,0.419117380624872,0.111236786851845,0.399138627239692,0.558131985654549,0.885731474035545,0.412165106668172,0.332940549376419,0.13682176377567,0.162533023352132,0.397627355964977,0.22994071784195
165,3.77906471056494,1.18170139238646,3.84610175583166,1.45595674298665,0.372905885772629,1.42621684542404,3.56683594187226,12.587300150897,2.39099242430525,0.904046443228495,0.764776636375956,14.0543181431476,3.07565473155915,1.46945456847666,1.80986221934925,0.243997920663923,1.00389057992054,0.371303290796846,0.0781992326363334,0.103352205909496,0.145275153028354,0.282568789597443,0.549783307763851,0.637450038315912,0.339992939566635,0.902101760342804,1.35593991917657,1.16552023216649,1.78824555840568,0.117006544925401,0.126128390198788,0.18817565200208,0.0783054019160855,0.237752086834292,0.28895135513727,0.338587900555214,0.48389817818882,0.419867310136826,0.10430931697335,0.0121613879228835,0.620955417059967,0.236930443960417,0.14799327830416,1.07312124335678,0.496135695869775,0.649062236382942,0.342907828945528,0.159310076808631,0.407786348916492,0.423393323566711,0.426925873611611,0.432041304859613,0.331147695342312,0.11048794356314,0.24699775641041,0.341932562414948,0.274362007188771
166,2.86612243785621,0.370316190707207,2.28290419494911,1.58110130975655,0.940534387849328,4.6772546781525,4.17835086981327,18.0891527667951,5.17837685150023,0.863904812165545,2.14814898491915,10.552348704004,1.76899805588413,0.991994167646519,1.20182725862242,0.235298194193741,0.437952927664271,0.246160993926373,0.0627841736966988,0.0971136722785314,0.111966382509664,0.22587761514793,0.260913088636192,0.570405581174442,0.269561856770853,1.25818939354937,1.59762710843821,1.34520565232158,2.06771071742505,0.110594753647593,0.127299194232714,0.165659964745239,0.0377203923761926,0.171777926958713,0.216560735795398,0.23534939827823,0.441110001333532,0.382268343296192,0.0833442421884671,0.0107887352305558,0.965646114594471,0.150266510957286,0.424133008097822,0.383798440340866,0.534163578625732,0.592139113238149,0.281893133835355,0.37692411274706,0.993532560840599,0.195495515189074,0.533977204361664,0.471925198542821,0.451106830506197,0.226882267365285,0.348191249747424,0.165720192169972,0.204848701821234
167,3.68598320464694,0.925720471188379,2.07384715551887,1.22984130691476,0.673655550462741,3.62947357416464,3.8362522222847,15.0572562728923,5.51288048888087,0.781799892794809,0.940046707408372,10.381395744943,0.603865985443635,0.796982133406986,0.717389892259199,0.300651612542496,0.55271983494699,0.499283242408485,0.0898967675893649,0.113177125353687,0.133045160368473,0.226629321312157,0.446983682457434,0.597750742522861,0.278162949369844,0.572008906229069,1.00745950338442,1.15488297965765,2.07967100680918,0.0867141875406675,0.104002812187173,0.155024694120616,0.0665784927904717,0.171981545985412,0.215677749488831,0.221451479146017,0.404756802031489,0.546161412591388,0.0720580236086378,0.0105708803264046,0.549041404740491,0.218365067190752,0.215143801610554,0.812842971678412,0.530134708816949,0.555474643683366,0.294730754986408,0.144870600844801,0.506223882954433,0.317381704029941,0.69265260385872,0.512718847114972,0.357166507601089,0.121953439985264,0.244632486837047,0.253349126699961,0.174354208078153
168,4.43072712883093,0.732761392086686,2.26026977439135,1.47223236635879,1.33410351558693,4.28397201947882,4.89422481091937,24.1491604104405,5.29950429587813,0.842046993675689,0.924371557522236,11.308717267254,1.86933388617191,0.690946262677815,1.95606412936352,0.431952594100774,0.71973091378762,0.256887529484228,0.109904932260353,0.14595492914853,0.16194328163586,0.382155154428862,0.600483316930247,0.932597484159186,0.383119696105883,0.789987080305597,0.768982070275305,1.72975005916404,2.58128067186039,0.170569473210978,0.183987873592281,0.142410869340978,0.0412281432691391,0.219327875999762,0.263700637498095,0.295581951477478,0.563189641499674,0.768104690427472,0.121225279275182,0.0564783595927944,0.30781740699103,0.161054134131005,0.266992556723741,1.04879703105479,0.397028640074482,0.320136865190421,0.389507543497601,0.205960690503235,0.401651590399417,0.156526275469212,0.364042649903801,0.59418161067263,0.465588429689599,0.234255220338089,0.135954849144355,0.135095334844349,0.265414910489211
169,3.6582413727616,0.669724188440993,1.85296442216845,0.847502634693198,0.616974347689258,2.78778900417174,5.14783964635423,23.9576171602009,4.89111634536861,1.12662540005322,1.16538360271358,19.7091861094986,2.74302575781243,0.844217099397807,0.986030363744016,0.655105471655852,0.582663402827152,0.210867294734709,0.0393024534146076,0.0727124177991141,0.172302924414911,0.254983716133126,0.3229889101133,0.640156024767471,0.377822898792251,0.519571492659814,0.605165032114487,1.12472961374325,2.79381688403024,0.0617011078691117,0.110040065750472,0.186943140228895,0.039248989662168,0.178920633542071,0.261353725066876,0.314929247815041,0.479304545338141,0.65540132440281,0.124604862746108,0.0630967641706679,0.340996154918893,0.217604083233209,0.332097372312214,0.901085035527283,0.382250894771741,0.386779805884268,0.470464601816218,0.244382555176178,0.342866559142963,0.170887786533775,0.563178917894595,0.543487297826587,0.429473541486077,0.168735627610365,0.144465039530918,0.18375618706768,0.264303887774002
170,4.67427507137737,0.37672361272865,2.37822471038106,1.54500563349569,1.38214199427918,4.06219418355749,4.94573579591004,24.5268635128239,11.1274024582449,1.78997633425091,1.49153466020643,11.9568383756813,1.68421219614879,0.768445428296384,1.50039062033831,0.424970178115063,0.644954419253053,0.192892133700347,0.044084707339747,0.0850183688817577,0.0457458799453553,0.26434663375163,0.429214762908646,0.943556568215856,0.478839259380276,0.684858845128503,0.634980744251153,1.13421807920536,2.89897583396443,0.108718557428045,0.108527028827458,0.143492003177639,0.0758677378160564,0.151914679989999,0.268626994165912,0.366235532831928,0.471868456382117,0.46075345833695,0.0889747974036563,0.0199401814771184,0.795616854379136,0.258678131737005,0.198924248967075,0.669992128043924,0.358903781532558,0.313795470389353,0.176750066303649,0.230533310935209,0.260327799782583,0.231946240142395,0.969676828602211,0.337965645613673,0.18455369298084,0.123999755837352,0.274723238682917,0.400268604630096,0.144977877717385
171,3.38801814194901,0.168852789667621,1.68427364758681,0.935775887927475,0.690032866413824,4.07459079713121,4.77210411937718,22.4105453805614,4.77216344070966,0.53295705754041,0.754033288309045,10.7493831197454,2.1624784387731,1.02062639134658,1.37935287460223,0.384221526727023,0.499923715011161,0.197311023147067,0.0655635687178461,0.0803311639901082,0.035000234362103,0.181879425937967,0.405065182586248,1.01529555522925,0.487219426237567,0.748163976892243,0.916510121349462,0.776010489615317,1.58951539753692,0.153952989156006,0.138752105331421,0.201417545227621,0.0964839113354634,0.202787330947437,0.297033630043523,0.419827751082956,0.57387241571441,0.434339500891423,0.102475766755465,0.0157554669068731,0.686017673211908,0.18831194800726,0.192216782529473,0.66501667078988,0.680148852211934,0.255084552989757,0.354874116538351,0.145505630964005,0.214077047712165,0.277902346144643,0.677498767469152,0.2235971112047,0.484984975191127,0.170563245008479,0.366120275634125,0.281526778972672,0.221713991897709
172,3.59298395048837,0.297716872725331,2.16152064168469,0.455622686726193,0.363021055850532,1.85798078989635,2.49838220458924,21.5346069738512,8.53695384882102,0.464328553775138,1.02258384366597,9.98554193185015,1.47070268793071,0.392938004403727,0.507348432895281,0.393986313310029,0.482861389626019,0.265238922733751,0.0539330218791515,0.0823671716786958,0.0704452471974358,0.14613315678728,0.343638005164138,0.962960046350241,0.521105912793541,0.652108625168802,1.2005733116996,0.388842913230702,0.965231466715032,0.196090276089991,0.144824296336395,0.209989220487254,0.0939822903279975,0.225538915172067,0.334335969447133,0.441667057353813,0.675628768962028,0.469750260116562,0.0998362816061321,0.0162811882482363,0.874399646222681,0.18033032326186,0.39869836087965,0.583912561883693,0.568092055933902,0.457659813244099,0.439141141576459,0.16246992500632,0.287283369038306,0.412067221775481,0.778982370851305,0.550192543150885,0.456477456713599,0.15272055628882,0.438727525140338,0.32602998291039,0.192361051580778
173,4.59876153139378,1.08392591355189,2.02824222688718,0.605117999054069,0.428208076493253,2.06696320544297,4.23521323064145,24.8859711023863,4.46998718789967,0.493140046279714,1.86078181383068,9.24458756566427,1.09582164588395,0.435311952644267,0.9471048095654,0.385920956234758,0.387600794733573,0.36407531776065,0.0857038931959818,0.117570180895089,0.0917573329902785,0.198814577124758,0.445581213149884,0.882442113178867,0.534274522382374,0.655107784743391,0.53981861538627,1.41401910996203,2.05583317474864,0.142102616146539,0.126773803416014,0.203141791944114,0.0973183251186011,0.199486811821632,0.269283097218611,0.387032821003632,0.743211401068042,0.494804829461749,0.102390785691612,0.0109868230438355,0.802809314605241,0.208545169144794,0.293529237287114,0.570153608968068,0.386504282183427,0.553470423964319,0.416344433211167,0.157172306935955,0.509583962490045,0.246607345186881,0.471622518251483,0.779957966715567,0.238389816335705,0.0558867949137372,0.155111572868173,0.246547100490724,0.211156114433697
174,4.33359402711862,1.21030571895389,2.25510102433708,0.673328872617223,0.430870255860431,2.1575388125845,4.11691817229027,23.3882288866905,3.78346889931172,0.568204060326554,0.711994297614961,8.92928994880161,1.19410833126063,0.450879590381067,0.894430625316112,0.315766433376648,0.35487677861648,0.472359088411355,0.0920256549682163,0.102881109056076,0.0588472289596722,0.291410467046611,0.487661646970915,0.849128061558819,0.450809704651856,0.633806449426994,1.02101741186887,0.947123476373097,1.67207478678555,0.154398919777703,0.139167849779569,0.241553617143938,0.126040373610842,0.224124719510322,0.255714900377496,0.300873681962418,0.54975603733217,0.285731856870933,0.0832216596255735,0.00772010418449421,0.673323269974038,0.194155119671896,0.423146666282927,0.533778463923908,0.482004612282933,0.486385989952467,0.438569639479249,0.133467605190627,0.442595958968097,0.352212114163107,0.418040278916956,0.823671290897618,0.246889921267758,0.0576175609111853,0.127192883039285,0.183090398291565,0.171546916471187
175,3.24912614002264,0.438158093750441,2.12084338956915,1.3030857339192,0.881951845155821,4.7131135866373,4.62881596340798,24.8980313777128,4.99251464947837,0.740605104330652,0.828658429742157,9.34978732331621,1.87539872829028,0.546449242767342,0.712920932046312,0.404731079400579,0.316284839306485,0.324366938579584,0.0913099812064519,0.0998945252030067,0.0459216603295397,0.292812514507184,0.517506652141218,0.690780438121954,0.4647966918945,0.481515687871567,0.511167329425409,0.855765244661671,2.18646814050085,0.145959521647442,0.15362681928317,0.255658144071913,0.115777173026353,0.238932171100774,0.276977876985513,0.296347256312147,0.540563150244413,0.494212984016949,0.090915365397767,0.0204246013737476,0.785522059811628,0.211654243401714,0.536207873946006,0.46599513005552,0.222723534830872,0.230410342978845,0.443523089261158,0.166808454664499,0.265983977554623,0.340116534737635,0.386850184522845,0.58919440193419,0.504982583698386,0.207402767048003,0.123897008762618,0.224609350027113,0.164360080064083
176,3.02759562325262,0.322853564280976,2.30699685458255,2.23631860788424,1.29263574979017,3.7548016609203,4.54363779755475,22.3116804688931,4.68996942907824,0.797616842733576,1.38095408616681,9.23324425084644,1.49760138242036,0.70803607935834,1.77944898708056,0.3587126681509,0.295878322089841,0.254954545333098,0.0438745978550176,0.0482917427275808,0.0866648226152445,0.23877648791903,0.408937508278202,0.645046650428955,0.554942014368049,0.464239408334957,0.491013480288799,0.83167020427853,1.44296212943534,0.0829014828064283,0.208606057801988,0.36669944266264,0.143999202217794,0.300745240976055,0.301280732669599,0.375837186429319,0.590023748501127,0.589527882773585,0.104487041318737,0.049930557761585,0.443185529056991,0.130304595368286,0.361068703522498,0.509931515398682,0.34691456705291,0.346895849389607,0.592639211722552,0.240110829230291,0.350844691881479,0.164406258133611,0.437152788873026,0.568945193911066,0.430856723840195,0.0460908346061747,0.229780860259373,0.25415485147905,0.182393620817828
177,3.65853484910826,1.04537912719072,2.26998817266098,0.754292352231155,0.606869368670656,3.91963136906505,3.56808624672396,20.3369262583736,2.74396195107953,0.459486438060576,1.83413205397133,8.84523604764072,0.996039819811374,0.400758417659919,0.903580497564158,0.359589174654049,0.282127228947188,0.456573012725021,0.0858382907794214,0.0973520512415475,0.088179336586531,0.174868778052848,0.414448737852504,0.492850887076605,0.52620203447836,0.538031372361831,0.831898476812986,0.718691068814043,1.19171445454774,0.165712679033588,0.171665209492965,0.278899472618863,0.156790657263088,0.225907710209731,0.28517224448057,0.325893188623384,0.53776177201029,0.409607122580904,0.0634940558989297,0.0104532678698474,0.718997590521156,0.177318510539481,0.40670494820297,0.308357472816646,0.198143583601109,0.330974329736183,0.401300529680355,0.116581452941023,0.477451176954797,0.26094571643198,0.359215225390518,0.529990197370022,0.444332529520865,0.104882125494624,0.109683512217033,0.189637855939504,0.147540026716119
178,3.97923892147177,0.614768092674081,2.34234314577976,1.47606969047552,1.85833831076861,4.72580445817817,4.74600971882275,27.4188001358585,5.28598227045562,0.556152782287595,1.02034586495502,10.4253033536066,1.0092009236341,0.963215097959222,1.04001522371306,0.415284361553237,0.435228604749041,0.383499336551078,0.0911513270945229,0.10833148597147,0.0926936327996196,0.174738197479795,0.369720170336387,0.331022518350536,0.43730103560082,0.670004380159847,0.636789347241932,1.27457930234918,1.89672603578686,0.158829614655124,0.15880967213166,0.235749238198646,0.146302618036071,0.180151314368662,0.225658726373927,0.273492210959103,0.504455106822794,0.431304532420976,0.0697711678911766,0.00829081451414244,0.846063920487192,0.20728387960972,0.567502004154521,0.283831403751851,0.257945842087797,0.271773332654441,0.473738038805424,0.108230965904227,0.724691743702109,0.317196988243916,0.407167598344266,0.635677242409626,0.251841656609449,0.116074147818893,0.135085399706419,0.203519792266442,0.154837720581956
179,3.71689381161986,1.0384850987331,2.4762056670956,0.872984278013961,0.648735465140319,4.50500224506532,2.52901440492051,28.9764197155213,4.11895209658237,0.454029384270712,1.05762885024331,9.87222619418551,2.27288427450954,0.88688100066689,1.46187724160326,0.314677676496922,0.373067638599993,0.475984519601095,0.0878912739914909,0.104399271004225,0.0943164141595538,0.152703792767283,0.431411855379802,0.63559553162115,0.515108373263637,0.391007814107724,0.640633153216944,0.628810043203818,0.796128727606739,0.140782576480678,0.158046011894365,0.243711424540193,0.154408138370996,0.211064871412764,0.288414181055693,0.315826461785214,0.599676894986068,0.664408931464173,0.061194576519233,0.00950591842084534,0.757697050579256,0.213685024442612,0.503943547985559,0.364113024090784,0.270077077047001,0.625959705069701,0.680741633401085,0.282831657024078,0.507146832184005,0.305167847449946,0.641045932496839,0.380676981410624,0.241226526031805,0.0507568389598648,0.172936260893733,0.197153479227725,0.151071618155789
180,3.98940443195023,0.663074785840701,2.08987859016843,0.99106979100103,1.21083351269757,3.83919801060148,2.48080006048202,26.0001939552801,11.1143039207488,1.5812615589268,2.55130268098123,11.3234076841197,1.33418629506683,0.47800299305344,0.777850340559101,0.35492223667599,0.453624734519495,0.532940317998573,0.0953870725477105,0.129075876344659,0.122660185812201,0.274963739079001,0.43222717275601,0.553061061666558,0.491773824450117,0.281521961715393,0.560877945719376,0.357975202573055,1.10239261685062,0.176548458433826,0.205365693546051,0.247517938831699,0.148576453419309,0.233466350291495,0.292060888085953,0.353038040858631,0.662826716926015,0.718371660399804,0.0861362904948802,0.0107314870655595,0.457180538400733,0.196593624840325,0.264159163313641,0.34822602261355,0.313970561090949,0.452230355388489,0.630379016200538,0.186164097940226,0.745254684841857,0.333085586706874,0.379122717296646,0.240934162317725,0.19190127183191,0.324273093265869,0.350068948349065,0.187467622712447,0.163451379457574
181,4.0477694669046,0.949674296835596,2.36194072525142,1.12031542833754,1.25976068869818,3.75642596139256,2.53117952920558,30.7628169457658,9.9675026593896,0.514179655265147,1.01787590118665,10.9259605265572,1.02852870973758,0.668051667149462,0.763653993508987,0.362322811769553,0.457719001721902,0.581115124078645,0.0909700633230508,0.0695938747564873,0.0846359720395137,0.258879021359796,0.426259720181732,0.485742296340252,0.371589210725688,0.325061912035643,0.304306232290727,0.438810076493294,1.17222270870808,0.12831109196951,0.169208131338103,0.230950160447992,0.156125768918912,0.219231624986274,0.267935272159201,0.31883365234223,0.645998539509455,0.637225504576737,0.0856576777499023,0.0115529741976586,0.505958192018925,0.144270754317735,0.431624598091071,0.39865520645866,0.480149037724988,0.549970018345417,0.600201845848907,0.178883866488978,0.930493030962169,0.294033615150032,0.419763444246475,0.26571886861673,0.1274032154744,0.158811042297647,0.315365903326013,0.180051080590138,0.161610682390838
182,4.05678270870252,0.732458835111419,4.73021479555863,1.20418082470573,0.767734075365107,4.32769785473513,3.78906737838897,28.4653611568091,5.35518977491074,0.840691544585353,1.26616381054893,10.5870127775656,3.19198647552047,1.68727118874076,2.3922412786389,0.434837157325561,0.537355144353189,0.351670500472853,0.079455527434071,0.0738707946639353,0.0722131685041277,0.246447230793526,0.212842788393827,0.657269567783154,0.31740289346311,0.569459795261779,0.514936496253732,0.730593138334688,1.92248551515285,0.14322060278655,0.156250167213285,0.231789694584319,0.112676950694827,0.207477794859995,0.28460684577892,0.395203635691537,0.716947079613647,0.461652239999917,0.103318779192039,0.0256397364800786,0.589678124901988,0.192682289542207,0.247202895524437,0.395843246081705,0.612132832579697,1.25376750435863,0.539750631510487,0.383389310046049,0.490908278762232,0.254364025830262,0.440751005365844,0.27418286709876,0.328117765820041,0.17972258946181,0.359785140761309,0.247870400794455,0.198564928850769
183,5.00627761437656,1.38966484246462,3.10721055238548,0.869298124342521,0.377905574139535,2.85690171368774,1.41289506306415,17.6615953487289,11.3143690726831,1.88519356947318,1.34290866733806,17.504079166976,3.17766027046932,0.741906675337634,1.38757080962382,1.15121439974472,1.13333573551581,0.440291127003012,0.0569238272044133,0.128454035678809,0.124411139426674,0.456950121971008,0.56535496621161,0.376973162704983,0.265293575452465,0.468719808586429,0.770021269183035,0.468080188826444,0.440222912869821,0.11426314102795,0.148120860260747,0.232121074520338,0.112200213048931,0.219581736142646,0.162017950150681,0.530768992227237,1.17930672716747,1.37268056103832,0.0486839076477381,0.0277056860983338,0.590524491823259,0.176452877412436,0.261612411034963,0.715711772345912,0.697291746445911,1.04198370877849,0.947347162176786,0.243366811771964,0.602679603942262,0.650645852289566,0.5956560587042,0.274182178241267,0.19766031451509,0.332487246417338,0.562776339720173,0.26230071547199,0.209061806743373
184,3.39362348012742,0.190848213431053,3.47279958836657,0.619885237938053,0.4244087967533,1.81289403416005,3.32211486432151,20.7105331647972,12.1121230441089,1.49071964506965,2.77981043749121,11.6281883528872,4.20022840193286,1.03117685473056,1.61870917667605,0.418663032139123,0.373170599307851,0.185052707797235,0.0639738538284031,0.0990301756548153,0.0498123862789215,0.320889573250595,0.418104869762117,0.278328239732158,0.241297077195998,0.278128536894771,0.891736222132982,0.479058002210957,0.933085306991576,0.101014503915541,0.134422050660385,0.213937902191275,0.101288312916659,0.158997664660444,0.314410796226422,0.390962687785006,0.908868595075711,1.11747859898541,0.101381904216841,0.0367980156134095,0.594564973622776,0.199543590872289,0.578816683189451,0.775077414027468,0.714810922467882,0.495107859980556,0.781010591190619,0.253588011106412,0.543785704434525,0.507828116094429,0.392068955269141,0.152164058518795,0.450378908957724,0.233760422465019,0.455256037822216,0.32464439414936,0.0946459044999286
185,3.21970561033795,0.358601588964088,1.97533449069799,0.93511531130418,0.981079764997966,1.91472701692665,2.88496546494557,18.9971524945732,4.87984469161755,1.04063363345474,1.95395788299221,11.1612249388019,2.76931841990921,1.1895603197677,0.45909888354164,0.592508959832578,0.355501655516796,0.331480702795143,0.0892997297301601,0.104040598643302,0.136367142503425,0.267771001815461,0.304450457989552,0.143022638769662,0.179281696699295,0.335795268203193,0.849053811651828,0.507992944822698,1.60360067046355,0.0901308977186318,0.137446921110524,0.254893085757776,0.110386394796076,0.26831717295089,0.377218109438303,0.472100305788003,0.942801619243854,0.828084094878472,0.0893944676893706,0.013275934232801,0.391465028869597,0.157978489459778,0.324438637593157,0.515114531846935,0.470613602196371,0.846319551713433,0.720871101028341,0.183378629056916,0.673495641908772,0.408842129017705,0.610674069012486,0.3480111992038,0.182816366826504,0.173769604769388,0.393541052692465,0.190102977078585,0.152191583971843
186,3.57075585589643,0.979699181830434,2.61028459266643,0.646001320063074,0.268220008608601,1.02234833517474,1.50468478042841,12.870628821129,7.12046388028704,1.29234422237216,2.01832159034104,14.6008305632388,4.64016816180758,1.19628198144832,1.3468671279814,0.598788293093787,0.473331563856174,0.237839195498745,0.0641616536085163,0.139598090562913,0.132117232225482,0.13302053945346,0.36707394885017,0.304456061010795,0.157049941186799,0.325220890533455,0.402586659717315,0.194913119140746,0.575174968561453,0.0818575551977268,0.121371419022682,0.227257116218437,0.0963350498227593,0.237873669072869,0.362385202411233,0.564218455726454,0.945879450080586,1.06867906742056,0.0971520742884877,0.0187220074658664,0.325858653545892,0.132276782817969,0.785955709099084,0.28824642463166,0.488777779743644,0.693683948507354,0.298968137931923,0.173173951161935,0.762654669480014,0.405224956744669,0.94018999985438,0.159328776540364,0.207788818807512,0.281227929836718,0.62955461256716,0.179274049120883,0.145757592344531
187,3.12875694943782,0.324961616950542,2.79743104484553,2.46207381036237,1.29551123706949,3.21236359909411,3.04267256049856,19.2082370033134,7.37434062158581,0.483545436526805,1.28048776705909,10.2757421254814,1.65066666853505,0.721869190340699,1.13781669193822,0.277717189050504,0.271977555437314,0.450826183107103,0.139789350391827,0.0781174095253072,0.141343223895321,0.395620469691275,0.509056792327378,0.503859948705155,0.198194319392359,0.513800926180988,0.421002032921332,0.63816406277862,1.27254020885893,0.124711558895582,0.144660187784484,0.251436010862314,0.057892791301639,0.257271114686679,0.399364535113627,0.582558652214956,0.989063576882911,1.11135785587072,0.115755504784041,0.0268553773967021,0.537963604480754,0.160877220078962,0.252517151902249,0.551962265304142,0.254839459797433,0.352741222440504,0.734613952929357,0.361544202968983,1.17460039067544,0.479470391574704,0.675802342834561,0.293287576368386,0.157902676926297,0.0687946200006966,0.428620499313631,0.211027637910172,0.158915818224885
188,3.14092510568588,0.577209267045072,1.99575796458182,0.667196999702842,1.01582455398864,2.58645387073098,1.56536076135439,17.2564881210162,8.14496352105198,0.472879828814223,0.913238087435482,9.34335637561732,1.29160552792966,0.939194473251755,0.494865955518316,0.295966440662952,0.249152469064833,0.358708747161427,0.0822152259677905,0.129622022108688,0.0940464164902231,0.29601634518506,0.384805599389036,0.383144885105182,0.217011786155525,0.378464545743533,0.528150189230443,0.259823742083961,0.780516288181113,0.123961326339514,0.133358246396092,0.23190764000725,0.103156461169143,0.237750990691896,0.410918921123114,0.582535702464606,0.852819348878284,1.18176245936824,0.0805690054932458,0.0154642283949516,0.511728082687794,0.200064269166222,0.498267436179635,0.524525221820295,0.499960220976278,0.702416632495371,0.660086742398234,0.120741130818044,1.18722257824339,0.574854288226137,0.784502627892151,0.190760340526002,0.478414098685304,0.270834169012695,0.461474207360287,0.258526384653629,0.135464192593133
189,4.21895639311032,0.83884260457811,3.78104782833404,0.714789768396983,0.375802237626039,1.4536446655578,2.32709103649642,21.1537127436052,4.45186772564185,0.46014314133909,0.949455226383171,10.682138559021,3.33739274525885,0.93662229158612,2.35468274400003,0.428184982449228,0.859411593661551,0.181280511662948,0.0617457992725095,0.101635036290754,0.0743514750594539,0.308130390575156,0.520947528295864,0.460836253976418,0.148517445734639,0.367715232068035,0.51410762238163,0.315789326173154,1.08316282544785,0.100308749678425,0.105229026375913,0.169530180771124,0.0829388786585215,0.204959216488471,0.392604304613338,0.729162242707155,1.19900223164759,1.1626835893351,0.0916292837414405,0.0172902595419433,0.642288540146986,0.254844234419207,0.561310288850413,0.355436583542871,0.459813746589644,0.443184144190354,0.691742105460148,0.189268929087142,0.683251122933862,0.47749496779617,0.628379664987671,0.310023379207358,0.184157082882028,0.138771015544335,0.493297101773204,0.298833410421248,0.167076419734104
190,3.26317332035066,0.28905438715292,2.00887306012886,1.09784776404785,0.79594233746816,2.35121671177573,2.12592748338179,19.2610564156272,10.6965552484493,1.47850654945964,1.73090128135898,11.4373233847346,1.84602214988757,0.539798991219749,0.824345553276189,0.385143551126134,0.324925722068862,0.22408224582812,0.058091380706239,0.0992930186797457,0.0436238835282526,0.472756018807687,0.65378155267994,0.67025774225666,0.203249399846809,0.552006473512719,0.606349122053579,0.677911129020807,1.32726556161164,0.0481159853876027,0.102048524663692,0.153510231434621,0.0674126776405365,0.231458794812331,0.382934324116519,0.6007027555791,1.07248778506573,1.35050129720139,0.08085404204517,0.0213444098942191,0.661627977364808,0.297712925715,0.34874228430543,0.53539554236536,0.407119318161984,0.615302087503778,0.623121660059293,0.26732994395077,0.852784969516752,0.27511824317185,0.889351628798013,0.256222596321042,0.148945670533405,0.0881865069928647,0.369037684512771,0.35633902550936,0.157028185996418
191,3.98172329557039,0.854137245854378,2.28132014230496,0.656288034318294,0.45633593100398,1.57477553576152,2.01530056128336,17.9340180718449,9.29432082521736,1.53538958956206,1.0223286812156,19.5760644453584,3.34823075940971,1.04922035486447,1.20985646195469,0.853993926248041,0.589763876159922,0.419017167142565,0.058428782514281,0.0851318283044697,0.054245152589363,0.271469205946636,0.393736521325026,0.351827362415259,0.162907181113273,0.270455868473414,0.319847817677609,0.261750574555138,0.877077478516385,0.107866994446571,0.0978970943991906,0.144907072423051,0.0675332141786161,0.225506463121563,0.387486721953025,0.543162975240466,0.872121310934201,1.02665564743973,0.0685032980785422,0.0153200661774823,0.417006121164014,0.243175584211174,0.76931795366492,0.529545490586601,0.294614484373378,0.421055657960792,0.617524305680487,0.26866848795006,0.637055162431155,0.774843452920618,0.606800769208508,0.172628749843815,0.273515120565676,0.267685084539397,0.502298046279928,0.305251067069219,0.155481709691788
192,4.39504496960874,0.68299801612454,2.03790025292325,0.815086986757023,0.737921297520575,2.31378013865703,2.99994011531478,20.9989264571718,4.91174466230617,0.328513211692605,1.93261583631578,10.9102831560029,1.15441018022909,0.951548073351525,0.779437218620697,0.418926129631664,0.435845345925414,0.425810650937991,0.0642266918179758,0.0795062479672391,0.0758853755401352,0.495566070823617,0.656218171251743,0.560853645947757,0.156441136588272,0.500775142866603,0.581843422651769,0.728779794007632,1.56857723623836,0.111085492728534,0.103253697807894,0.134294822057437,0.0556872209950808,0.195175242383734,0.383174025147663,0.478484247403021,0.729527337240177,0.478139864579704,0.0696830742397962,0.0141005617614525,0.554210491763428,0.239772344963609,0.701500492384185,0.558409358536711,0.487716249390785,0.828228355255681,0.726309412559092,0.197643919269051,0.845174119739024,0.404329112765375,0.47938036254383,0.543401122482278,0.565593997278642,0.174179456488457,0.138705239212843,0.347402796494185,0.169518699873813
193,3.31154766721101,0.252037840830289,2.54485845513415,2.54940940134031,1.4858856514088,3.37736768530479,2.4911310326919,20.3959409294053,11.708528603316,0.849218948198015,1.57119986848679,11.9298718697958,4.05481831253917,1.35211961582156,0.808178280939321,1.08328921108809,0.38894938725815,0.30298185827442,0.0639378783303188,0.081270302496677,0.0395779029049672,0.237905808030838,0.417220627690099,0.173428047457227,0.166749213724092,0.378833401031335,0.415990245167507,0.704807825517608,1.4700465987751,0.123646155800221,0.102541321868033,0.151764844423875,0.0666935737513216,0.186143328056808,0.368305684026437,0.454242826117095,0.714444620559418,0.936100982998532,0.0563947393514776,0.00587518300944243,0.620590445033584,0.27491301623816,0.404851238763906,0.362713688714705,0.320162211648674,1.27583488626285,0.45783242356368,0.307344274101725,1.13557996193933,0.180217588236177,0.353823589726404,0.461408941218373,0.443680708351138,0.190543400106868,0.341466260748316,0.357204069085366,0.176348070862827
194,4.02930265746194,0.88234807655719,3.68243367164443,0.925974396366858,0.405900543209932,2.27319673966398,1.07905402556395,13.7784367861939,6.4309188113813,0.312958050409335,0.83938476523542,10.9618139228611,3.02115208711013,0.629977530558066,2.15791352829775,0.441117581206019,1.01903606367795,0.51944967918206,0.0743830439893956,0.110436268861771,0.0607529113066213,0.21745596348453,0.424928121236813,0.368867591367962,0.234794431690022,0.270502344222742,0.413526278177933,0.641280934944756,1.66755184280456,0.162682541050579,0.131628624784737,0.160610075905125,0.079040452853828,0.160633469948849,0.326148307234857,0.372468307618566,0.77135116781625,0.852123556156732,0.064208131017465,0.00850874474579114,0.561170828647498,0.242019790049616,0.591423424099522,0.452993981747084,0.317780499196407,0.44149060265873,0.806218826009928,0.215198520920122,0.815458795157436,0.424251052352839,0.380772989813551,0.416870556427821,0.385864307745081,0.119102450585604,0.10983850496248,0.267822979660036,0.137179122477056
195,3.72417568626327,0.764866969718597,2.19386477051474,1.40926067504367,0.899141335962803,2.33011076781171,1.77466626699587,14.5359810524932,7.52719271215583,1.03551662972218,1.06875273151306,17.3491484560809,5.09781529256373,1.0829524804639,1.1789195559495,0.699320646492532,0.507314066941532,0.517785548643891,0.0881654202596038,0.0994844770387433,0.0289460198637652,0.251725486410016,0.39384098206028,0.283350711862645,0.176180747365016,0.235464276851274,0.284261947077685,0.236417374059134,0.875901168577932,0.124918028383466,0.114724065030807,0.131297986449246,0.0647965465528721,0.109701102504055,0.255508486140088,0.264777779395277,0.59689189014869,1.06977794949095,0.0528219407697135,0.0108077949581223,0.679795848905201,0.118447625619435,0.79667245710619,0.424411742156137,0.443114097298103,0.639012424645696,0.407910643714577,0.216938325164627,0.795097282802515,0.776565720694024,0.80098352318464,0.182861447597575,0.567775189249892,0.230931148687723,0.436224982551277,0.177801348362267,0.114526194522805
196,4.10640928038705,0.518994964579644,3.38854419359236,0.807059838518251,0.289610741599334,0.970670745165106,2.49509507060477,12.6019932357603,8.62338076387657,0.821214281705143,0.993510185068173,13.753137348955,3.21274468721836,1.33807931688941,1.8508845416636,0.481135234930629,0.551032094151797,0.586743100969069,0.0825614745342406,0.0753338810526549,0.0537203995134067,0.184234223734051,0.293053616163575,0.293362710091163,0.153809102028566,0.30384180413608,0.378851152533909,0.365038068160857,2.10605409716584,0.128050573744545,0.131186980166005,0.153469153859036,0.0715808141803768,0.100640125942804,0.292336290018196,0.341081233395685,0.736669742495027,1.11873062321811,0.0530649928098653,0.0115561718390983,0.539965969427707,0.229026400159774,0.646117535635447,0.701424051568985,0.595108257984782,0.896157607784121,1.2275504149333,0.353949712918811,0.584224717622346,0.331000389004391,0.467173152788003,0.242745156797625,0.466885170362674,0.096855532083099,0.196239203278476,0.239323446953422,0.102324362007463
197,2.99578629576028,0.426102592622061,2.28488463242,1.33416527162082,1.21733503254109,2.37195441086312,4.1769337562958,17.7855628236326,9.99827788285261,0.872289106454088,3.07368680256077,11.4916825304195,1.9963270707742,0.864258382524633,1.00364344159723,0.787138508439243,0.277604666879628,0.82309299732155,0.061183626323149,0.0578835088147831,0.0749303115229529,0.410108224229488,0.488572152082525,0.492742743956145,0.178044213948107,0.584790670546394,0.480064061535279,0.897598348868628,2.99159539076961,0.0635629044520448,0.120356894568788,0.174585830173494,0.0683094818138503,0.179195547948672,0.371591162196917,0.395497537618351,0.747658055138482,1.16370954716765,0.0580709332026903,0.0172306257169422,0.655025501463336,0.115454917206726,0.348798409860752,0.751544044961256,0.246772428222205,0.427006703384182,0.981940802388495,0.298228280797701,0.367125830483928,0.199654515635145,0.383990740886304,0.218109859734511,0.463258286630116,0.180640720102339,0.244446544035692,0.241413062193535,0.12556930513734
198,3.95102891272398,1.01000510168185,4.01226628024721,1.1598366579095,0.273932904992446,0.957972594920524,1.67756901854203,12.0879446396088,6.9870942243752,0.655747227654734,2.31319839351758,13.6568822337384,2.76006794925039,1.71872802874025,1.89015513357872,0.356224399714974,0.402877439668522,0.545842946312076,0.0795171013804537,0.0646163699936644,0.0601318054898276,0.424208540460312,0.400729978472273,0.224362352634826,0.120314058717165,0.41515458329631,0.569580854181878,0.417835375058544,2.24442643846477,0.0855476902086333,0.100711985226067,0.117053879885286,0.0611491031883441,0.227943129451166,0.345822609288061,0.397608881581164,0.818442621298614,1.24233473374734,0.0911248907210185,0.0492895049906144,0.815240552599468,0.303284069139933,0.710264556362868,0.381163159834435,0.520110426925613,0.647196288637649,1.23748308545772,0.425042533190958,0.403999132053109,0.134306623932503,0.3209964101858,0.269723792866083,0.22781836198323,0.350293015841916,0.402906859024581,0.390850516805631,0.159940958008246
199,4.78915863921621,1.87597963501453,3.57298157153822,0.815186697701552,0.703043210872661,0.948199716806411,1.37323845671079,11.8632292469117,2.8867269994935,1.18420553362493,1.0033148490288,16.5755012398911,4.80801117086773,1.81520299812848,2.63664944158877,0.52520468375853,0.838536183871865,0.836540013979535,0.0885780198859998,0.0846086761624198,0.0566403538922017,0.397879069414693,0.230542864614862,0.324091173896955,0.139748274117915,0.419385676689704,0.424319238628093,0.861513140815643,1.61909816328876,0.101010566599145,0.101671772604379,0.18169896375638,0.0642032287725105,0.211923088805839,0.251868721144154,0.309104978372449,0.776768980201803,1.24377465521684,0.0558685805369657,0.012089780910558,0.540836836017689,0.183350696548059,0.240271917617098,0.328007705869176,0.501780412841502,1.90729215556556,0.605948100560749,0.384284049055232,0.567723382128818,0.237761402086848,0.451225376337864,0.343298341826913,0.31999183397278,0.0707794802272725,0.162556903921822,0.159068722814233,0.0975102330782503
200,4.38020284875932,1.0182202125183,6.43836883795689,1.9902543198338,0.86417905592608,2.68879908462312,3.17724298726072,12.2411249981008,2.66235137845327,1.06071119909831,0.649634581801546,11.7558947670191,1.63295547621561,0.988161765709724,3.30827427609242,1.11860774790841,0.808020983195087,0.579171878838364,0.0935719890407289,0.104951113802368,0.0772443279728483,0.132511358334529,0.258718268035992,0.285606071096959,0.193274907927796,0.382517804025713,0.433589263372061,0.330911273936732,1.00630039310739,0.138816297888349,0.107809285293544,0.183935821834548,0.0580955825766559,0.224988306483859,0.270594947647271,0.283294990225543,0.803211605021264,1.53603436084356,0.0540237557830506,0.0116477059862812,0.519514835018482,0.198983787092173,0.506178573347536,0.93363338784251,0.411727616958262,0.765777976836877,1.08472443319056,0.34021925991397,0.348343439341375,0.446551499082992,0.543036832301563,0.278376362890167,0.370300313722118,0.100812875540917,0.130969833457014,0.24450002535436,0.109962792127728
